11,62413,255475,True,['TTTTTTTTTTG']
12,40537,140567,True,['TTTTTTTTTTGA']
13,23205,71134,True,['TTTTTTTTTTGAG']
14,12062,33082,True,['TTTTTTTTTTGAGA']
15,5578,13968,True,['TTTTTTTTTTCATAA']
16,2606,5977,True,['TTTTTTTTTTATCTTT']
17,1080,2329,True,['TTTTTTTTTGAGAAAAT']
18,394,819,True,['TTTTTTTTGAGAAAATTG']
19,161,327,True,['TTTTTTTTCTTATTTTAAA']
20,62,125,True,['TTTTTTTTATTTTTCTTTTT']
21,18,36,True,['TTTTTTTTAAAAAAATTAAAA']
22,12,24,True,['TTTTTTATTTTTTTTATTTTTT']
23,2,4,True,['TTAAAAAATAAAATATTAAAAAA']
24,0,0,True,['TAAATATTATATAATAAATATTAT']
25,1,2,True,['ATTAAAAAATAAAATATTAAAAAAA']
26,0,0,True,['ATAAATATTATATAATAAATATTATA']
27,0,0,True,['AATAAATATTATATAATAAATATTATA']
