2,18,3112841,True,['TG']
3,64,3178343,True,['TTG']
4,256,3186729,True,['TTTG']
5,1025,3188119,True,['TTTTG']
6,4098,3188386,True,['TTTTTG']
7,16035,3187797,True,['TTTTTTG']
8,54258,3175659,True,['TTTTTTTG']
9,140800,3099078,True,['TTTTTTTGG']
10,272240,2836469,True,['TTTTTTTGCC']
11,380196,2284678,True,['TTTTTGGTACC']
12,375917,1509563,True,['TTTTTGGTACCG']
13,261820,798368,True,['TTTTTGGTACCGC']
14,140810,355504,True,['TTTTTGGTACCGCC']
15,57754,130651,True,['TTTTTGGTACCGCCA']
16,23600,50487,True,['TTTTTGGTACCGCCAT']
17,8890,18565,True,['TTTTTGGTACCGCCATT']
18,3110,6403,True,['TTTTTGGTACCGCCATTC']
19,1233,2575,True,['TTTTTGGTACCGCCATTCG']
20,509,1093,True,['TTTTTGGTACCGCCATTCGT']
21,183,413,True,['TTTTTGGTACCGCCATTCGTT']
22,121,301,True,['TTTTTGGTACCGCCATTCGTTG']
23,73,187,True,['TTTTTGGTACCGCCATTCGTTGG']
24,42,107,True,['TTTTTGGTACCGCCATTCGTTGGT']
25,34,83,True,['TTTTTGGTACCGCCATTCGTTGGTT']
26,45,140,True,['TTTTTGGTACCGCCATTCGTTGGTTC']
27,21,54,True,['TTTTTGGTACCGCCATTCGTTGGTTCG']
28,26,55,True,['TTTTTGGTACCGCCATTCGTTGGTTCGA']
29,44,116,True,['TTTTTGGTACCGCCATTCGTTGGTTCGAA']
30,10,33,True,['TTTTTGGTACCGCCATTCGTTGGTTCGAAT']
31,10,22,True,['TTTTTGGTACCGCCATTCGTTGGTTCGAATC']
32,20,67,True,['TTTTTGGTACCGCCATTCGTTGGTTCGAATCC']
33,11,34,True,['TTTTTGGTACCGCCATTCGTTGGTTCGAATCCA']
34,8,18,True,['TTTTTGGTACCGCCATTCGTTGGTTCGAATCCAG']
35,21,44,True,['TTTTTGGTACCGCCATTCGTTGGTTCGAATCCAGC']
36,7,22,True,['TTTTTGGTACCGCCATTCGTTGGTTCGAATCCAGCC']
37,12,47,True,['TTTTTGGTACCGCCATTCGTTGGTTCGAATCCAGCCG']
38,18,53,True,['TTTTTGGTACCGCCATTCGTTGGTTCGAATCCAGCCGC']
39,15,37,True,['TTTTTGGTACCGCCATTCGTTGGTTCGAATCCAGCCGCC']
40,7,25,True,['TTTTTGGTACCGCCATTCGTTGGTTCGAATCCAGCCGCCC']
41,15,31,True,['TTTTTGGTACCGCCATTCGTTGGTTCGAATCCAGCCGCCCC']
42,2,5,True,['TTTTTGGTACCGCCATTCGTTGGTTCGAATCCAGCCGCCCCA']
43,5,16,True,['TTTTTGGTACCGCCATTCGTTGGTTCGAATCCAGCCGCCCCAG']
44,11,47,True,['TTTTTGGTACCGCCATTCGTTGGTTCGAATCCAGCCGCCCCAGC']
45,4,17,True,['TTTTTGGTACCGCCATTCGTTGGTTCGAATCCAGCCGCCCCAGCC']
46,2,10,True,['TTTTTGGTACCGCCATTCGTTGGTTCGAATCCAGCCGCCCCAGCCA']
47,6,20,True,['TTTTCCGCTATGCCTCGCCTGACCAACCATTCGGGAGCCTCTCCATG']
48,4,8,True,['TTTTCCGCTATGCCTCGCCTGACCAACCATTCGGGAGCCTCTCCATGT']
