Gene,Gene Length,Read Length,Read,Neighbhours,Repeat
StaphylococcusAureus.fasta,2872915,50,AAATAATCATAAATAAAATTACAGATATTGACAAAAAATAGTAAATATAC,-1,8
StaphylococcusAureus.fasta,2872915,50,AAATCACTACTCGCGATAAAGAAAGTAGATGCACATATGAGTTATGATTC,-1,5
StaphylococcusAureus.fasta,2872915,50,AAATCATCGTAGTAATCGCGCGAAAATCGCGTGAAATAATCAGAGGAATC,-1,5
StaphylococcusAureus.fasta,2872915,50,AAATCATCGTAGTAATCGCGCGAAAATCGCGTGAAATACTATGGTAGACG,-1,1
StaphylococcusAureus.fasta,2872915,50,AAATCGCGTGAAATACTATGGTAGACGGTTTGAGTAAATTAATGGAGTAT,-1,2
StaphylococcusAureus.fasta,2872915,50,AAATTTTTAATGAAAAATCTTTTACTATAAAAGATTAAGTATTTAAATGA,-1,1
StaphylococcusAureus.fasta,2872915,50,AACATTTCTTAAAAGATGATGTGGATACTTACATTAATCGATCTGAATTA,-1,1
StaphylococcusAureus.fasta,2872915,50,AAGTTCGGCTAAACTGATGAAGATATTAAGCTTGAGTCGGTCGAAAGCTT,-1,1
StaphylococcusAureus.fasta,2872915,50,AATAATCAGAGGAATCGTTTGAAATCATCGTAGTAATCGCGCGAAAATCG,-1,5
StaphylococcusAureus.fasta,2872915,50,AATAATCAGTCAGGCGAGTTAACATATCAACGTTTCCTTAATGGTTATCC,-1,2
StaphylococcusAureus.fasta,2872915,50,AATCACTACTCGCGATAAAGAAAGTAGATGCACATATGAGTTATGATTCA,-1,5
StaphylococcusAureus.fasta,2872915,50,AATCAGAGGAATCGTTTGAAATCATCGTAGTAATCGCGCGAAAATCGCGT,-1,5
StaphylococcusAureus.fasta,2872915,50,AATCAGATGATGATATGGCACGAGACCATCAAGAAGCTTGGGAGAGAACA,-1,2
StaphylococcusAureus.fasta,2872915,50,AATCATCGTAGTAATCGCGCGAAAATCGCGTGAAATAATCAGAGGAATCG,-1,5
StaphylococcusAureus.fasta,2872915,50,AATCATCGTAGTAATCGCGCGAAAATCGCGTGAAATACTATGGTAGACGG,-1,1
StaphylococcusAureus.fasta,2872915,50,AATCGCGCGAAAATCGCGTGAAATAATCAGAGGAATCGTTTGAAATCATC,-1,5
StaphylococcusAureus.fasta,2872915,50,AATCGCGCGAAAATCGCGTGAAATACTATGGTAGACGGTTTGAGTAAATT,-1,1
StaphylococcusAureus.fasta,2872915,50,AATCGCGTGAAATACTATGGTAGACGGTTTGAGTAAATTAATGGAGTATT,-1,2
StaphylococcusAureus.fasta,2872915,50,AATCGTTTGAAATCATCGTAGTAATCGCGCGAAAATCGCGTGAAATAATC,-1,5
StaphylococcusAureus.fasta,2872915,50,AATCGTTTGAAATCATCGTAGTAATCGCGCGAAAATCGCGTGAAATACTA,-1,1
StaphylococcusAureus.fasta,2872915,50,AATTTCGTCATAGTTCCAATTTTGAGTATTAAAGATGTCACTTTTATATT,-1,1
StaphylococcusAureus.fasta,2872915,50,ACACGTAATCCATCGTTTTGAGCTGAATCATTAAAAATACTGTATTCTGA,-1,1
StaphylococcusAureus.fasta,2872915,50,ACATTTCCGATTTTACGAAAATTTAAAATCGCTACACCTGTATTTAAGCC,-1,1
StaphylococcusAureus.fasta,2872915,50,ACGTAACAAATGTGCGTACTTTAGAAGAATTACCTGAAAATGCACGTAAA,-1,1
StaphylococcusAureus.fasta,2872915,50,ACGTGAAATTCTCGATTGATCGTGCGAAAGCGATGAACAAAGATTCGACT,-1,5
StaphylococcusAureus.fasta,2872915,50,ACTCATAGCACCACATTCAGGGAAAGGAAAAGGAGGACCTTGTTTGTGTT,-1,1
StaphylococcusAureus.fasta,2872915,50,ACTTGTTCTCCAATGTTATCCGATTCAAGTTCGGCTAAACTGATGAAGAT,-1,1
StaphylococcusAureus.fasta,2872915,50,ACTTTGAAAAGAATTCTTTAATTTCAGTTTCATGACCTAATATTGTCTTT,-1,1
StaphylococcusAureus.fasta,2872915,50,AGAGGAATCGTTTGAAATCATCGTAGTAATCGCGCGAAAATCGCGTGAAA,-1,5
StaphylococcusAureus.fasta,2872915,50,AGAGGAATTAATACATCTTTATCTCTTTATAGTCTAGAACAGAATATAAT,-1,2
StaphylococcusAureus.fasta,2872915,50,AGCTTTTTTATGCTTTTTCTTCCAAATTTGATACAAAATTGGGGCATATT,-1,1
StaphylococcusAureus.fasta,2872915,50,AGGAATCGTTTGAAATCATCGTAGTAATCGCGCGAAAATCGCGTGAAATA,-1,5
StaphylococcusAureus.fasta,2872915,50,AGGAATCTAAAGCAAATGGGCCAATTTCAAACAATGTGTAACTCATTAGC,-1,2
StaphylococcusAureus.fasta,2872915,50,AGGTTTTAACTTTTACCCAACGACTTGGCATTTTATCACTCCTATGTAAT,-1,1
StaphylococcusAureus.fasta,2872915,50,AGTAATCGCGCGAAAATCGCGTGAAATAATCAGAGGAATCGTTTGAAATC,-1,5
StaphylococcusAureus.fasta,2872915,50,AGTAATCGCGCGAAAATCGCGTGAAATACTATGGTAGACGGTTTGAGTAA,-1,1
StaphylococcusAureus.fasta,2872915,50,AGTTCGCTTAACAAGTGGTCAAGAAGATATCTTGATTGGTACATCACATG,-1,1
StaphylococcusAureus.fasta,2872915,50,ATAATCAGAGGAATCGTTTGAAATCATCGTAGTAATCGCGCGAAAATCGC,-1,5
StaphylococcusAureus.fasta,2872915,50,ATAATCAGTATCATTTCCAAGTACGTTATTCTGAGAATGATCACTGCCTC,-1,2
StaphylococcusAureus.fasta,2872915,50,ATACTATACCTGTATATGCAATTCGTCAATAGATAAATTATTAAATATGC,-1,1
StaphylococcusAureus.fasta,2872915,50,ATCACGTGCTATTTCATGAAGTGATTTTACGATATCACCTTCTTTAGAAA,-1,5
StaphylococcusAureus.fasta,2872915,50,ATCACTTTAATTCCTTTGTCGCGTAAAAGTTGGTTTGATACATAGTTGCG,-1,1
StaphylococcusAureus.fasta,2872915,50,ATCAGAGGAATCGTTTGAAATCATCGTAGTAATCGCGCGAAAATCGCGTG,-1,5
StaphylococcusAureus.fasta,2872915,50,ATCAGATATAAAAATTTATAAAATTGATACTTAAAAACAACTACAAATCC,-1,2
StaphylococcusAureus.fasta,2872915,50,ATCATCGTAGTAATCGCGCGAAAATCGCGTGAAATAATCAGAGGAATCGT,-1,5
StaphylococcusAureus.fasta,2872915,50,ATCATCGTAGTAATCGCGCGAAAATCGCGTGAAATACTATGGTAGACGGT,-1,1
StaphylococcusAureus.fasta,2872915,50,ATCGCGCGAAAATCGCGTGAAATAATCAGAGGAATCGTTTGAAATCATCG,-1,5
StaphylococcusAureus.fasta,2872915,50,ATCGCGCGAAAATCGCGTGAAATACTATGGTAGACGGTTTGAGTAAATTA,-1,1
StaphylococcusAureus.fasta,2872915,50,ATCGCGTGAAATACTATGGTAGACGGTTTGAGTAAATTAATGGAGTATTT,-1,2
StaphylococcusAureus.fasta,2872915,50,ATCGTAGTAATCGCGCGAAAATCGCGTGAAATAATCAGAGGAATCGTTTG,-1,5
StaphylococcusAureus.fasta,2872915,50,ATCGTAGTAATCGCGCGAAAATCGCGTGAAATACTATGGTAGACGGTTTG,-1,1
StaphylococcusAureus.fasta,2872915,50,ATCGTTTGAAATCATCGTAGTAATCGCGCGAAAATCGCGTGAAATAATCA,-1,5
StaphylococcusAureus.fasta,2872915,50,ATCGTTTGAAATCATCGTAGTAATCGCGCGAAAATCGCGTGAAATACTAT,-1,1
StaphylococcusAureus.fasta,2872915,50,ATGAGGAAACGGTTTACGGTATTACTACAGGTTTTGGGTTATTTAGTGAT,-1,1
StaphylococcusAureus.fasta,2872915,50,ATGAGTAACATGATAACTATATTAACAATATCCATTACTTACTTTTCACC,-1,1
StaphylococcusAureus.fasta,2872915,50,ATTACTCCATCAAACATTCCCTGGTTTAGAAAGATTATTTAGTAGTCGAT,-1,1
StaphylococcusAureus.fasta,2872915,50,ATTTCCATCCTAATAAATATTCTTGCAATAAGCTATTTGTTGATTCTTCC,-1,1
StaphylococcusAureus.fasta,2872915,50,ATTTCGTCATAGTTCCAATTTTGAGTATTAAAGATGTCACTTTTATATTT,-1,1
StaphylococcusAureus.fasta,2872915,50,CAATTTCTAAAAACAGAAGGGATTATTGAATCTGGTGGTCAAGCAAAATG,-1,1
StaphylococcusAureus.fasta,2872915,50,CACGTAACGATGAATGACTTCACAGCATCAGGTGGCGACGGATATAGTAT,-1,1
StaphylococcusAureus.fasta,2872915,50,CACGTGAACATTTATTACAAACAGTATGGGGCTATGATTACTTTGGCGAT,-1,5
StaphylococcusAureus.fasta,2872915,50,CACTTTAATAAACATTAATGTTAATGCAAGTAAAGCAATAATGATATATA,-1,1
StaphylococcusAureus.fasta,2872915,50,CAGAGGAATCGTTTGAAATCATCGTAGTAATCGCGCGAAAATCGCGTGAA,-1,5
StaphylococcusAureus.fasta,2872915,50,CAGAGGACATTCTGAACAATCATCACATTCATATAATTTGAAGTCTCGCT,-1,2
StaphylococcusAureus.fasta,2872915,50,CATACTATGATACATTATGGACGAAAAAAGACTATGATTTGATTTTCTAT,-1,1
StaphylococcusAureus.fasta,2872915,50,CATCACTTTCACCACGAATGTTTGCTGCTAATGCACCACAAACAACAACA,-1,1
StaphylococcusAureus.fasta,2872915,50,CATCGTAGTAATCGCGCGAAAATCGCGTGAAATAATCAGAGGAATCGTTT,-1,5
StaphylococcusAureus.fasta,2872915,50,CATCGTAGTAATCGCGCGAAAATCGCGTGAAATACTATGGTAGACGGTTT,-1,1
StaphylococcusAureus.fasta,2872915,50,CATTTCCCGATAAAAAATCATTGTGGGATGTTCTTTAGCAATTTCAATAT,-1,1
StaphylococcusAureus.fasta,2872915,50,CCATCAGAGATATGTTTTTTCATTTCATCCACAGACACTTCATCGAGACC,-1,1
StaphylococcusAureus.fasta,2872915,50,CGAAAATCCGTAGATCTGAAGAGACCTGCGGTTCTTTTTATATAGAGCGT,-1,5
StaphylococcusAureus.fasta,2872915,50,CGAAAATCGCGTGAAATACTATGGTAGACGGTTTGAGTAAATTAATGGAG,-1,1
StaphylococcusAureus.fasta,2872915,50,CGAAGTTGCACCACGGTGATGTCTGAATTCGTCGAATTCATTGTCAGGAA,-1,1
StaphylococcusAureus.fasta,2872915,50,CGACACGTTTTGTTTTAAGTTGTTGCATTATGTTACATCCTTTCTTCATT,-1,1
StaphylococcusAureus.fasta,2872915,50,CGCGAAAATCGCGTGAAATAATCAGAGGAATCGTTTGAAATCATCGTAGT,-1,5
StaphylococcusAureus.fasta,2872915,50,CGCGAAAATCGCGTGAAATACTATGGTAGACGGTTTGAGTAAATTAATGG,-1,1
StaphylococcusAureus.fasta,2872915,50,CGCGCGAAAATCGCGTGAAATAATCAGAGGAATCGTTTGAAATCATCGTA,-1,5
StaphylococcusAureus.fasta,2872915,50,CGCGCGAAAATCGCGTGAAATACTATGGTAGACGGTTTGAGTAAATTAAT,-1,1
StaphylococcusAureus.fasta,2872915,50,CGCGTGAAATACTATGGTAGACGGTTTGAGTAAATTAATGGAGTATTTTA,-1,2
StaphylococcusAureus.fasta,2872915,50,CGTAACAAATGTGCGTACTTTAGAAGAATTACCTGAAAATGCACGTAAAT,-1,1
StaphylococcusAureus.fasta,2872915,50,CGTAGTAATCGCGCGAAAATCGCGTGAAATAATCAGAGGAATCGTTTGAA,-1,5
StaphylococcusAureus.fasta,2872915,50,CGTAGTAATCGCGCGAAAATCGCGTGAAATACTATGGTAGACGGTTTGAG,-1,1
StaphylococcusAureus.fasta,2872915,50,CGTCACTCTCGTCGTGTAAGTGGTATTACAGATTTATCTATTAACTCAAT,-1,1
StaphylococcusAureus.fasta,2872915,50,CGTGAAATACTATGGTAGACGGTTTGAGTAAATTAATGGAGTATTTTAAT,-1,8
StaphylococcusAureus.fasta,2872915,50,CGTTTGAAATCATCGTAGTAATCGCGCGAAAATCGCGTGAAATAATCAGA,-1,5
StaphylococcusAureus.fasta,2872915,50,CGTTTGAAATCATCGTAGTAATCGCGCGAAAATCGCGTGAAATACTATGG,-1,1
StaphylococcusAureus.fasta,2872915,50,CTCATAGCACCACATTCAGGGAAAGGAAAAGGAGGACCTTGTTTGTGTTC,-1,1
StaphylococcusAureus.fasta,2872915,50,CTTGTTCTCCAATGTTATCCGATTCAAGTTCGGCTAAACTGATGAAGATA,-1,1
StaphylococcusAureus.fasta,2872915,50,CTTTGAAAAATAAAGAAGTGAAGTCCGTGGAACATGTTCGTCGTGATCAT,-1,1
StaphylococcusAureus.fasta,2872915,50,CTTTTTATTTTCAACAGGGATTTTGTAAATTTCTAATTCTTGTAAGTCAC,-1,1
StaphylococcusAureus.fasta,2872915,50,CTTTTTTAGATACATTCTTTGGAACGATGCCTATCTCATATGCTGTTCCT,-1,1
StaphylococcusAureus.fasta,2872915,50,GAAAATCATCTCACTGCTGTTTTTTAAAGGTTTATACCTCATCCTCTAAA,-1,5
StaphylococcusAureus.fasta,2872915,50,GAAAATCGCGTGAAATACTATGGTAGACGGTTTGAGTAAATTAATGGAGT,-1,1
StaphylococcusAureus.fasta,2872915,50,GAAATACAAGGAAAGATGCTATCTTCCGAAGGATTGGCCCAAGAATTGAA,-1,8
StaphylococcusAureus.fasta,2872915,50,GAAATCATCGTAGTAATCGCGCGAAAATCGCGTGAAATAATCAGAGGAAT,-1,5
StaphylococcusAureus.fasta,2872915,50,GAAATCATCGTAGTAATCGCGCGAAAATCGCGTGAAATACTATGGTAGAC,-1,1
StaphylococcusAureus.fasta,2872915,50,GAAGTTCGTTTTGTAAACTTTCTTGCATCTGATAGCCAATATAAGCTTGA,-1,1
StaphylococcusAureus.fasta,2872915,50,GAATCGTTTGAAATCATCGTAGTAATCGCGCGAAAATCGCGTGAAATAAT,-1,5
StaphylococcusAureus.fasta,2872915,50,GAATCGTTTGAAATCATCGTAGTAATCGCGCGAAAATCGCGTGAAATACT,-1,1
StaphylococcusAureus.fasta,2872915,50,GACACGTGAACATTTATTACAAACAGTATGGGGCTATGATTACTTTGGCG,-1,1
StaphylococcusAureus.fasta,2872915,50,GAGGAAACGGTTTACGGTATTACTACAGGTTTTGGGTTATTTAGTGATGT,-1,1
StaphylococcusAureus.fasta,2872915,50,GAGGAATCGTTTGAAATCATCGTAGTAATCGCGCGAAAATCGCGTGAAAT,-1,5
StaphylococcusAureus.fasta,2872915,50,GAGGAATGGAAACTTTCTATCGGGGCGTTATCGGCAGGTGTTCCCTTTCG,-1,2
StaphylococcusAureus.fasta,2872915,50,GAGGTTTTCGGGTGTTCTAATATTAGAGAATAGATTTACAAGATATACAG,-1,1
StaphylococcusAureus.fasta,2872915,50,GCAATTTGAATCAATTACTAAATCGCGATTAAGAATTTACATAGTACTCA,-1,1
StaphylococcusAureus.fasta,2872915,50,GCGAAAATCCGTAGATCTGAAGAGACCTGCGGTTCTTTTTATATAGAGCG,-1,5
StaphylococcusAureus.fasta,2872915,50,GCGAAAATCGCGTGAAATACTATGGTAGACGGTTTGAGTAAATTAATGGA,-1,1
StaphylococcusAureus.fasta,2872915,50,GCGCGAAAATCGCGTGAAATAATCAGAGGAATCGTTTGAAATCATCGTAG,-1,5
StaphylococcusAureus.fasta,2872915,50,GCGCGAAAATCGCGTGAAATACTATGGTAGACGGTTTGAGTAAATTAATG,-1,1
StaphylococcusAureus.fasta,2872915,50,GCGTGAAATACTATGGTAGACGGTTTGAGTAAATTAATGGAGTATTTTAA,-1,2
StaphylococcusAureus.fasta,2872915,50,GCTTTTTTATATCACCACTTATTAAAAAATGTAAGAATATTCCTCAGTGC,-1,1
StaphylococcusAureus.fasta,2872915,50,GGAATCGTTTGAAATCATCGTAGTAATCGCGCGAAAATCGCGTGAAATAA,-1,5
StaphylococcusAureus.fasta,2872915,50,GGAATCGTTTGAAATCATCGTAGTAATCGCGCGAAAATCGCGTGAAATAC,-1,1
StaphylococcusAureus.fasta,2872915,50,GGTGCACATAATGGTTTAATTATTAAAAATAGAGAGTCTGTAGAAATAGC,-1,1
StaphylococcusAureus.fasta,2872915,50,GGTTTTAACTTTTACCCAACGACTTGGCATTTTATCACTCCTATGTAATG,-1,1
StaphylococcusAureus.fasta,2872915,50,GTAACAAAAAATGGTATTCGTTATGGAATTATTGGTGTAACGACACCAGA,-1,1
StaphylococcusAureus.fasta,2872915,50,GTAATCGCGCGAAAATCGCGTGAAATAATCAGAGGAATCGTTTGAAATCA,-1,5
StaphylococcusAureus.fasta,2872915,50,GTAATCGCGCGAAAATCGCGTGAAATACTATGGTAGACGGTTTGAGTAAA,-1,1
StaphylococcusAureus.fasta,2872915,50,GTAGTAATCGCGCGAAAATCGCGTGAAATAATCAGAGGAATCGTTTGAAA,-1,5
StaphylococcusAureus.fasta,2872915,50,GTAGTAATCGCGCGAAAATCGCGTGAAATACTATGGTAGACGGTTTGAGT,-1,1
StaphylococcusAureus.fasta,2872915,50,GTCACTAAATCGACATGAGTGATGTTTGAAATCGTTACTTGAAAAAGCAA,-1,1
StaphylococcusAureus.fasta,2872915,50,GTGAAATACTATGGTAGACGGTTTGAGTAAATTAATGGAGTATTTTAATA,-1,8
StaphylococcusAureus.fasta,2872915,50,GTGCAATTTTCTTATAACCATGACCTTTAATGTAATAATTGAATACAGCC,-1,1
StaphylococcusAureus.fasta,2872915,50,GTTCGACAGCTGAATTGGTAACAGAGTTACTGGAATATCAACCAACAGAA,-1,1
StaphylococcusAureus.fasta,2872915,50,GTTCGCTTAACAAGTGGTCAAGAAGATATCTTGATTGGTACATCACATGC,-1,1
StaphylococcusAureus.fasta,2872915,50,GTTTGAAATCATCGTAGTAATCGCGCGAAAATCGCGTGAAATAATCAGAG,-1,5
StaphylococcusAureus.fasta,2872915,50,GTTTGAAATCATCGTAGTAATCGCGCGAAAATCGCGTGAAATACTATGGT,-1,1
StaphylococcusAureus.fasta,2872915,50,GTTTTAACTTCTCCATGAACGTTTGAACGTTGACGACCTTGACCTTCAGC,-1,1
StaphylococcusAureus.fasta,2872915,50,TAAATTTTTAATGAAAAATCTTTTACTATAAAAGATTAAGTATTTAAATG,-1,1
StaphylococcusAureus.fasta,2872915,50,TAACATTTGATGTTATTGGTAGTCCTTTCGGTTCAAGTTCACCTTTAAAC,-1,1
StaphylococcusAureus.fasta,2872915,50,TAATCAGAGGAATCGTTTGAAATCATCGTAGTAATCGCGCGAAAATCGCG,-1,5
StaphylococcusAureus.fasta,2872915,50,TAATCAGGCCAAAGAACGTAGAAGTATGTATATATTTAAGAAAGATTTAT,-1,2
StaphylococcusAureus.fasta,2872915,50,TAATCGCGCGAAAATCGCGTGAAATAATCAGAGGAATCGTTTGAAATCAT,-1,5
StaphylococcusAureus.fasta,2872915,50,TAATCGCGCGAAAATCGCGTGAAATACTATGGTAGACGGTTTGAGTAAAT,-1,1
StaphylococcusAureus.fasta,2872915,50,TACTATACCTGAAATAATACCAATGAAAAGGCCAATGATAACTAATAAAT,-1,1
StaphylococcusAureus.fasta,2872915,50,TACTCATCCAGACGTGGTTCTTGATATCGACAAGGATGTACTTATTACAC,-1,1
StaphylococcusAureus.fasta,2872915,50,TACTTTGAAATGCGCTATTTTCTTTAAGAATATTAATATATGACTTGTGT,-1,1
StaphylococcusAureus.fasta,2872915,50,TAGTAATCGCGCGAAAATCGCGTGAAATAATCAGAGGAATCGTTTGAAAT,-1,5
StaphylococcusAureus.fasta,2872915,50,TAGTAATCGCGCGAAAATCGCGTGAAATACTATGGTAGACGGTTTGAGTA,-1,1
StaphylococcusAureus.fasta,2872915,50,TATGAGTAAGGATAAAATGAGTATAATATAGAAACCGAATTTATCATTAA,-1,1
StaphylococcusAureus.fasta,2872915,50,TATTACTGATCCCGTTGACAATATGAGAAAATTCCATATAAAAAACCGCT,-1,1
StaphylococcusAureus.fasta,2872915,50,TCACGTAACGATGAATGACTTCACAGCATCAGGTGGCGACGGATATAGTA,-1,1
StaphylococcusAureus.fasta,2872915,50,TCACGTGCACCATCAATAACGTCGCCATTACCTGTTGGAATAAAGTCCAC,-1,5
StaphylococcusAureus.fasta,2872915,50,TCACTTTAATAAACATTAATGTTAATGCAAGTAAAGCAATAATGATATAT,-1,1
StaphylococcusAureus.fasta,2872915,50,TCAGAGGAATCGTTTGAAATCATCGTAGTAATCGCGCGAAAATCGCGTGA,-1,5
StaphylococcusAureus.fasta,2872915,50,TCAGAGGACATTCTGAACAATCATCACATTCATATAATTTGAAGTCTCGC,-1,2
StaphylococcusAureus.fasta,2872915,50,TCATACTATGATACATTATGGACGAAAAAAGACTATGATTTGATTTTCTA,-1,1
StaphylococcusAureus.fasta,2872915,50,TCATCGTAGTAATCGCGCGAAAATCGCGTGAAATAATCAGAGGAATCGTT,-1,5
StaphylococcusAureus.fasta,2872915,50,TCATCGTAGTAATCGCGCGAAAATCGCGTGAAATACTATGGTAGACGGTT,-1,1
StaphylococcusAureus.fasta,2872915,50,TCCATCAGATATCATTCATTTCTTGACCCTTTCAAATAATACTATGAGAA,-1,1
StaphylococcusAureus.fasta,2872915,50,TCGACAGCTGAATTGGTAACAGAGTTACTGGAATATCAACCAACAGAACA,-1,1
StaphylococcusAureus.fasta,2872915,50,TCGCGCGAAAATCGCGTGAAATAATCAGAGGAATCGTTTGAAATCATCGT,-1,5
StaphylococcusAureus.fasta,2872915,50,TCGCGCGAAAATCGCGTGAAATACTATGGTAGACGGTTTGAGTAAATTAA,-1,1
StaphylococcusAureus.fasta,2872915,50,TCGCGTGAAATACTATGGTAGACGGTTTGAGTAAATTAATGGAGTATTTT,-1,2
StaphylococcusAureus.fasta,2872915,50,TCGCTATAAAAGTTGATATGTTGAATATGATGTTTTTCGGCTATTGCTTC,-1,1
StaphylococcusAureus.fasta,2872915,50,TCGTAGTAATCGCGCGAAAATCGCGTGAAATAATCAGAGGAATCGTTTGA,-1,5
StaphylococcusAureus.fasta,2872915,50,TCGTAGTAATCGCGCGAAAATCGCGTGAAATACTATGGTAGACGGTTTGA,-1,1
StaphylococcusAureus.fasta,2872915,50,TCGTCACTTCCTTTAGTATTCTTCTGGCAAAAGCATCACATAATAAAAAG,-1,1
StaphylococcusAureus.fasta,2872915,50,TCGTTTGAAATCATCGTAGTAATCGCGCGAAAATCGCGTGAAATAATCAG,-1,5
StaphylococcusAureus.fasta,2872915,50,TCGTTTGAAATCATCGTAGTAATCGCGCGAAAATCGCGTGAAATACTATG,-1,1
StaphylococcusAureus.fasta,2872915,50,TCTTTTTCAAAAAGTAGAGCGATATTTTTACCTTTCATTTTTTGTTGTTC,-1,1
StaphylococcusAureus.fasta,2872915,50,TGAAATACCACGGTCAGCGTATATATCTTTAACTTCAAAATGATGGAAGT,-1,8
StaphylococcusAureus.fasta,2872915,50,TGAAATCATCGTAGTAATCGCGCGAAAATCGCGTGAAATAATCAGAGGAA,-1,5
StaphylococcusAureus.fasta,2872915,50,TGAAATCATCGTAGTAATCGCGCGAAAATCGCGTGAAATACTATGGTAGA,-1,1
StaphylococcusAureus.fasta,2872915,50,TGAGGAAACGGTTTACGGTATTACTACAGGTTTTGGGTTATTTAGTGATG,-1,1
StaphylococcusAureus.fasta,2872915,50,TGAGGTTTTCGGGTGTTCTAATATTAGAGAATAGATTTACAAGATATACA,-1,1
StaphylococcusAureus.fasta,2872915,50,TGCAATTTTCTTATAACCATGACCTTTAATGTAATAATTGAATACAGCCT,-1,1
StaphylococcusAureus.fasta,2872915,50,TGGTGCACATAATGGTTTAATTATTAAAAATAGAGAGTCTGTAGAAATAG,-1,1
StaphylococcusAureus.fasta,2872915,50,TGTTCGATATCAGAGAGCTTGTGGTTAGTGTGAACAAGAATCAACATATA,-1,1
StaphylococcusAureus.fasta,2872915,50,TTAACATTTGATGTTATTGGTAGTCCTTTCGGTTCAAGTTCACCTTTAAA,-1,1
StaphylococcusAureus.fasta,2872915,50,TTACTCATCCAGACGTGGTTCTTGATATCGACAAGGATGTACTTATTACA,-1,1
StaphylococcusAureus.fasta,2872915,50,TTACTTTGCAACAGAACCTATAAAAAACATGGGCTTAAAGGGTTAATTTA,-1,1
StaphylococcusAureus.fasta,2872915,50,TTATGAGTAATCATAGAGTCGATTTGAATATTAAACATGTTTTAGGAGAT,-1,1
StaphylococcusAureus.fasta,2872915,50,TTATTACTGATCCCGTTGACAATATGAGAAAATTCCATATAAAAAACCGC,-1,1
StaphylococcusAureus.fasta,2872915,50,TTCCATCCAACTGTTTAAAATACCCCTACAGGTATTTTTAGGGAGGTTAT,-1,1
StaphylococcusAureus.fasta,2872915,50,TTCGACAGCTGAATTGGTAACAGAGTTACTGGAATATCAACCAACAGAAC,-1,1
StaphylococcusAureus.fasta,2872915,50,TTCGCTCAAAATAATCATTGATTTGCTTTTTGTATTTTTTGATTTTAGTT,-1,1
StaphylococcusAureus.fasta,2872915,50,TTCGTCAGTAAGTAAAAAACTTATACTTTCTGGCGTGTGACCAGGTGTAT,-1,1
StaphylococcusAureus.fasta,2872915,50,TTCTTTTTCAAAAGCGAATGGATTGTGGAAAATGCCTCTACCAATCATGA,-1,1
StaphylococcusAureus.fasta,2872915,50,TTGAAATCATCGTAGTAATCGCGCGAAAATCGCGTGAAATAATCAGAGGA,-1,5
StaphylococcusAureus.fasta,2872915,50,TTGAAATCATCGTAGTAATCGCGCGAAAATCGCGTGAAATACTATGGTAG,-1,1
StaphylococcusAureus.fasta,2872915,50,TTGGTGCACATAATGGTTTAATTATTAAAAATAGAGAGTCTGTAGAAATA,-1,1
StaphylococcusAureus.fasta,2872915,50,TTGTTCGTAGGACAAGTAATATATAGTGTTCGATATCAGAGAGCTTGTGG,-1,1
StaphylococcusAureus.fasta,2872915,50,TTTAACATTTGATGTTATTGGTAGTCCTTTCGGTTCAAGTTCACCTTTAA,-1,1
StaphylococcusAureus.fasta,2872915,50,TTTACTTTGCAACAGAACCTATAAAAAACATGGGCTTAAAGGGTTAATTT,-1,1
StaphylococcusAureus.fasta,2872915,50,TTTATGATATTAGGATCATTACTAATATTATCAGCTTGCTCCAATAATGA,-1,1
StaphylococcusAureus.fasta,2872915,50,TTTCCATCCTAATAAATATTCTTGCAATAAGCTATTTGTTGATTCTTCCT,-1,1
StaphylococcusAureus.fasta,2872915,50,TTTCGTCATAGTTCCAATTTTGAGTATTAAAGATGTCACTTTTATATTTT,-1,1
StaphylococcusAureus.fasta,2872915,50,TTTCTTTTTCTCTATTAATGTATGTGCGATTGTATTGCTATTATCGTCAA,-1,1
StaphylococcusAureus.fasta,2872915,50,TTTGAAATCATCGTAGTAATCGCGCGAAAATCGCGTGAAATAATCAGAGG,-1,5
StaphylococcusAureus.fasta,2872915,50,TTTGAAATCATCGTAGTAATCGCGCGAAAATCGCGTGAAATACTATGGTA,-1,1
StaphylococcusAureus.fasta,2872915,50,TTTGGTGGCAAAAAGGTCAAGAATCAGATGATGATATGGCACGAGACCAT,-1,1
StaphylococcusAureus.fasta,2872915,50,TTTTAACATTTGATGTTATTGGTAGTCCTTTCGGTTCAAGTTCACCTTTA,-1,1
StaphylococcusAureus.fasta,2872915,50,TTTTACTTTGCAACAGAACCTATAAAAAACATGGGCTTAAAGGGTTAATT,-1,1
StaphylococcusAureus.fasta,2872915,50,TTTTATGATATTAGGATCATTACTAATATTATCAGCTTGCTCCAATAATG,-1,1
StaphylococcusAureus.fasta,2872915,50,TTTTTACTTTGCAACAGAACCTATAAAAAACATGGGCTTAAAGGGTTAAT,-1,1
StaphylococcusAureus.fasta,2872915,50,TTTTTATGATATTAGGATCATTACTAATATTATCAGCTTGCTCCAATAAT,-1,1
StaphylococcusAureus.fasta,2872915,50,TTTTTTACTTTGCAACAGAACCTATAAAAAACATGGGCTTAAAGGGTTAA,-1,1
StaphylococcusAureus.fasta,2872915,50,AAAATCACTTATAAATCTCAATTTACAAATAATTTTGAAATAGTGGATGC,-1,5
StaphylococcusAureus.fasta,2872915,50,AAAATCGCGTGAAATACTATGGTAGACGGTTTGAGTAAATTAATGGAGTA,-1,1
StaphylococcusAureus.fasta,2872915,50,AAATAATCATAAATAAAATTACAGATATTGACAAAAAATAGTAAATATAC,-1,8
StaphylococcusAureus.fasta,2872915,50,AAATCACTACTCGCGATAAAGAAAGTAGATGCACATATGAGTTATGATTC,-1,5
StaphylococcusAureus.fasta,2872915,50,AAATCATCGTAGTAATCGCGCGAAAATCGCGTGAAATAATCAGAGGAATC,-1,5
StaphylococcusAureus.fasta,2872915,50,AAATCATCGTAGTAATCGCGCGAAAATCGCGTGAAATACTATGGTAGACG,-1,1
StaphylococcusAureus.fasta,2872915,50,AAATCGCGTGAAATACTATGGTAGACGGTTTGAGTAAATTAATGGAGTAT,-1,2
StaphylococcusAureus.fasta,2872915,50,AAATTTTTAATGAAAAATCTTTTACTATAAAAGATTAAGTATTTAAATGA,-1,1
StaphylococcusAureus.fasta,2872915,50,AACATTTCTTAAAAGATGATGTGGATACTTACATTAATCGATCTGAATTA,-1,1
StaphylococcusAureus.fasta,2872915,50,AAGTTCGGCTAAACTGATGAAGATATTAAGCTTGAGTCGGTCGAAAGCTT,-1,1
StaphylococcusAureus.fasta,2872915,50,AATAATCAGAGGAATCGTTTGAAATCATCGTAGTAATCGCGCGAAAATCG,-1,5
StaphylococcusAureus.fasta,2872915,50,AATAATCAGTCAGGCGAGTTAACATATCAACGTTTCCTTAATGGTTATCC,-1,2
StaphylococcusAureus.fasta,2872915,50,AATCACTACTCGCGATAAAGAAAGTAGATGCACATATGAGTTATGATTCA,-1,5
StaphylococcusAureus.fasta,2872915,50,AATCAGAGGAATCGTTTGAAATCATCGTAGTAATCGCGCGAAAATCGCGT,-1,5
StaphylococcusAureus.fasta,2872915,50,AATCAGATGATGATATGGCACGAGACCATCAAGAAGCTTGGGAGAGAACA,-1,2
StaphylococcusAureus.fasta,2872915,50,AATCATCGTAGTAATCGCGCGAAAATCGCGTGAAATAATCAGAGGAATCG,-1,5
StaphylococcusAureus.fasta,2872915,50,AATCATCGTAGTAATCGCGCGAAAATCGCGTGAAATACTATGGTAGACGG,-1,1
StaphylococcusAureus.fasta,2872915,50,AATCGCGCGAAAATCGCGTGAAATAATCAGAGGAATCGTTTGAAATCATC,-1,5
StaphylococcusAureus.fasta,2872915,50,AATCGCGCGAAAATCGCGTGAAATACTATGGTAGACGGTTTGAGTAAATT,-1,1
StaphylococcusAureus.fasta,2872915,50,AATCGCGTGAAATACTATGGTAGACGGTTTGAGTAAATTAATGGAGTATT,-1,2
StaphylococcusAureus.fasta,2872915,50,AATCGTTTGAAATCATCGTAGTAATCGCGCGAAAATCGCGTGAAATAATC,-1,5
StaphylococcusAureus.fasta,2872915,50,AATCGTTTGAAATCATCGTAGTAATCGCGCGAAAATCGCGTGAAATACTA,-1,1
StaphylococcusAureus.fasta,2872915,50,AATTTCGTCATAGTTCCAATTTTGAGTATTAAAGATGTCACTTTTATATT,-1,1
StaphylococcusAureus.fasta,2872915,50,ACACGTAATCCATCGTTTTGAGCTGAATCATTAAAAATACTGTATTCTGA,-1,1
StaphylococcusAureus.fasta,2872915,50,ACATTTCCGATTTTACGAAAATTTAAAATCGCTACACCTGTATTTAAGCC,-1,1
StaphylococcusAureus.fasta,2872915,50,ACGTAACAAATGTGCGTACTTTAGAAGAATTACCTGAAAATGCACGTAAA,-1,1
StaphylococcusAureus.fasta,2872915,50,ACGTGAAATTCTCGATTGATCGTGCGAAAGCGATGAACAAAGATTCGACT,-1,5
StaphylococcusAureus.fasta,2872915,50,ACTCATAGCACCACATTCAGGGAAAGGAAAAGGAGGACCTTGTTTGTGTT,-1,1
StaphylococcusAureus.fasta,2872915,50,ACTTGTTCTCCAATGTTATCCGATTCAAGTTCGGCTAAACTGATGAAGAT,-1,1
StaphylococcusAureus.fasta,2872915,50,ACTTTGAAAAGAATTCTTTAATTTCAGTTTCATGACCTAATATTGTCTTT,-1,1
StaphylococcusAureus.fasta,2872915,50,AGAGGAATCGTTTGAAATCATCGTAGTAATCGCGCGAAAATCGCGTGAAA,-1,5
StaphylococcusAureus.fasta,2872915,50,AGAGGAATTAATACATCTTTATCTCTTTATAGTCTAGAACAGAATATAAT,-1,2
StaphylococcusAureus.fasta,2872915,50,AGCTTTTTTATGCTTTTTCTTCCAAATTTGATACAAAATTGGGGCATATT,-1,1
StaphylococcusAureus.fasta,2872915,50,AGGAATCGTTTGAAATCATCGTAGTAATCGCGCGAAAATCGCGTGAAATA,-1,5
StaphylococcusAureus.fasta,2872915,50,AGGAATCTAAAGCAAATGGGCCAATTTCAAACAATGTGTAACTCATTAGC,-1,2
StaphylococcusAureus.fasta,2872915,50,AGGTTTTAACTTTTACCCAACGACTTGGCATTTTATCACTCCTATGTAAT,-1,1
StaphylococcusAureus.fasta,2872915,50,AGTAATCGCGCGAAAATCGCGTGAAATAATCAGAGGAATCGTTTGAAATC,-1,5
StaphylococcusAureus.fasta,2872915,50,AGTAATCGCGCGAAAATCGCGTGAAATACTATGGTAGACGGTTTGAGTAA,-1,1
StaphylococcusAureus.fasta,2872915,50,AGTTCGCTTAACAAGTGGTCAAGAAGATATCTTGATTGGTACATCACATG,-1,1
StaphylococcusAureus.fasta,2872915,50,ATAATCAGAGGAATCGTTTGAAATCATCGTAGTAATCGCGCGAAAATCGC,-1,5
StaphylococcusAureus.fasta,2872915,50,ATAATCAGTATCATTTCCAAGTACGTTATTCTGAGAATGATCACTGCCTC,-1,2
StaphylococcusAureus.fasta,2872915,50,ATACTATACCTGTATATGCAATTCGTCAATAGATAAATTATTAAATATGC,-1,1
StaphylococcusAureus.fasta,2872915,50,ATCACGTGCTATTTCATGAAGTGATTTTACGATATCACCTTCTTTAGAAA,-1,5
StaphylococcusAureus.fasta,2872915,50,ATCACTTTAATTCCTTTGTCGCGTAAAAGTTGGTTTGATACATAGTTGCG,-1,1
StaphylococcusAureus.fasta,2872915,50,ATCAGAGGAATCGTTTGAAATCATCGTAGTAATCGCGCGAAAATCGCGTG,-1,5
StaphylococcusAureus.fasta,2872915,50,ATCAGATATAAAAATTTATAAAATTGATACTTAAAAACAACTACAAATCC,-1,2
StaphylococcusAureus.fasta,2872915,50,ATCATCGTAGTAATCGCGCGAAAATCGCGTGAAATAATCAGAGGAATCGT,-1,5
StaphylococcusAureus.fasta,2872915,50,ATCATCGTAGTAATCGCGCGAAAATCGCGTGAAATACTATGGTAGACGGT,-1,1
StaphylococcusAureus.fasta,2872915,50,ATCGCGCGAAAATCGCGTGAAATAATCAGAGGAATCGTTTGAAATCATCG,-1,5
StaphylococcusAureus.fasta,2872915,50,ATCGCGCGAAAATCGCGTGAAATACTATGGTAGACGGTTTGAGTAAATTA,-1,1
StaphylococcusAureus.fasta,2872915,50,ATCGCGTGAAATACTATGGTAGACGGTTTGAGTAAATTAATGGAGTATTT,-1,2
StaphylococcusAureus.fasta,2872915,50,ATCGTAGTAATCGCGCGAAAATCGCGTGAAATAATCAGAGGAATCGTTTG,-1,5
StaphylococcusAureus.fasta,2872915,50,ATCGTAGTAATCGCGCGAAAATCGCGTGAAATACTATGGTAGACGGTTTG,-1,1
StaphylococcusAureus.fasta,2872915,50,ATCGTTTGAAATCATCGTAGTAATCGCGCGAAAATCGCGTGAAATAATCA,-1,5
StaphylococcusAureus.fasta,2872915,50,ATCGTTTGAAATCATCGTAGTAATCGCGCGAAAATCGCGTGAAATACTAT,-1,1
StaphylococcusAureus.fasta,2872915,50,ATGAGGAAACGGTTTACGGTATTACTACAGGTTTTGGGTTATTTAGTGAT,-1,1
StaphylococcusAureus.fasta,2872915,50,ATGAGTAACATGATAACTATATTAACAATATCCATTACTTACTTTTCACC,-1,1
StaphylococcusAureus.fasta,2872915,50,ATTACTCCATCAAACATTCCCTGGTTTAGAAAGATTATTTAGTAGTCGAT,-1,1
StaphylococcusAureus.fasta,2872915,50,ATTTCCATCCTAATAAATATTCTTGCAATAAGCTATTTGTTGATTCTTCC,-1,1
StaphylococcusAureus.fasta,2872915,50,ATTTCGTCATAGTTCCAATTTTGAGTATTAAAGATGTCACTTTTATATTT,-1,1
StaphylococcusAureus.fasta,2872915,50,CAATTTCTAAAAACAGAAGGGATTATTGAATCTGGTGGTCAAGCAAAATG,-1,1
StaphylococcusAureus.fasta,2872915,50,CACGTAACGATGAATGACTTCACAGCATCAGGTGGCGACGGATATAGTAT,-1,1
StaphylococcusAureus.fasta,2872915,50,CACGTGAACATTTATTACAAACAGTATGGGGCTATGATTACTTTGGCGAT,-1,5
StaphylococcusAureus.fasta,2872915,50,CACTTTAATAAACATTAATGTTAATGCAAGTAAAGCAATAATGATATATA,-1,1
StaphylococcusAureus.fasta,2872915,50,CAGAGGAATCGTTTGAAATCATCGTAGTAATCGCGCGAAAATCGCGTGAA,-1,5
StaphylococcusAureus.fasta,2872915,50,CAGAGGACATTCTGAACAATCATCACATTCATATAATTTGAAGTCTCGCT,-1,2
StaphylococcusAureus.fasta,2872915,50,CATACTATGATACATTATGGACGAAAAAAGACTATGATTTGATTTTCTAT,-1,1
StaphylococcusAureus.fasta,2872915,50,CATCACTTTCACCACGAATGTTTGCTGCTAATGCACCACAAACAACAACA,-1,1
StaphylococcusAureus.fasta,2872915,50,CATCGTAGTAATCGCGCGAAAATCGCGTGAAATAATCAGAGGAATCGTTT,-1,5
StaphylococcusAureus.fasta,2872915,50,CATCGTAGTAATCGCGCGAAAATCGCGTGAAATACTATGGTAGACGGTTT,-1,1
StaphylococcusAureus.fasta,2872915,50,CATTTCCCGATAAAAAATCATTGTGGGATGTTCTTTAGCAATTTCAATAT,-1,1
StaphylococcusAureus.fasta,2872915,50,CCATCAGAGATATGTTTTTTCATTTCATCCACAGACACTTCATCGAGACC,-1,1
StaphylococcusAureus.fasta,2872915,50,CGAAAATCCGTAGATCTGAAGAGACCTGCGGTTCTTTTTATATAGAGCGT,-1,5
StaphylococcusAureus.fasta,2872915,50,CGAAAATCGCGTGAAATACTATGGTAGACGGTTTGAGTAAATTAATGGAG,-1,1
StaphylococcusAureus.fasta,2872915,50,CGAAGTTGCACCACGGTGATGTCTGAATTCGTCGAATTCATTGTCAGGAA,-1,1
StaphylococcusAureus.fasta,2872915,50,CGACACGTTTTGTTTTAAGTTGTTGCATTATGTTACATCCTTTCTTCATT,-1,1
StaphylococcusAureus.fasta,2872915,50,CGCGAAAATCGCGTGAAATAATCAGAGGAATCGTTTGAAATCATCGTAGT,-1,5
StaphylococcusAureus.fasta,2872915,50,CGCGAAAATCGCGTGAAATACTATGGTAGACGGTTTGAGTAAATTAATGG,-1,1
StaphylococcusAureus.fasta,2872915,50,CGCGCGAAAATCGCGTGAAATAATCAGAGGAATCGTTTGAAATCATCGTA,-1,5
StaphylococcusAureus.fasta,2872915,50,CGCGCGAAAATCGCGTGAAATACTATGGTAGACGGTTTGAGTAAATTAAT,-1,1
StaphylococcusAureus.fasta,2872915,50,CGCGTGAAATACTATGGTAGACGGTTTGAGTAAATTAATGGAGTATTTTA,-1,2
StaphylococcusAureus.fasta,2872915,50,CGTAACAAATGTGCGTACTTTAGAAGAATTACCTGAAAATGCACGTAAAT,-1,1
StaphylococcusAureus.fasta,2872915,50,CGTAGTAATCGCGCGAAAATCGCGTGAAATAATCAGAGGAATCGTTTGAA,-1,5
StaphylococcusAureus.fasta,2872915,50,CGTAGTAATCGCGCGAAAATCGCGTGAAATACTATGGTAGACGGTTTGAG,-1,1
StaphylococcusAureus.fasta,2872915,50,CGTCACTCTCGTCGTGTAAGTGGTATTACAGATTTATCTATTAACTCAAT,-1,1
StaphylococcusAureus.fasta,2872915,50,CGTGAAATACTATGGTAGACGGTTTGAGTAAATTAATGGAGTATTTTAAT,-1,8
StaphylococcusAureus.fasta,2872915,50,CGTTTGAAATCATCGTAGTAATCGCGCGAAAATCGCGTGAAATAATCAGA,-1,5
StaphylococcusAureus.fasta,2872915,50,CGTTTGAAATCATCGTAGTAATCGCGCGAAAATCGCGTGAAATACTATGG,-1,1
StaphylococcusAureus.fasta,2872915,50,CTCATAGCACCACATTCAGGGAAAGGAAAAGGAGGACCTTGTTTGTGTTC,-1,1
StaphylococcusAureus.fasta,2872915,50,CTTGTTCTCCAATGTTATCCGATTCAAGTTCGGCTAAACTGATGAAGATA,-1,1
StaphylococcusAureus.fasta,2872915,50,CTTTGAAAAATAAAGAAGTGAAGTCCGTGGAACATGTTCGTCGTGATCAT,-1,1
StaphylococcusAureus.fasta,2872915,50,CTTTTTATTTTCAACAGGGATTTTGTAAATTTCTAATTCTTGTAAGTCAC,-1,1
StaphylococcusAureus.fasta,2872915,50,CTTTTTTAGATACATTCTTTGGAACGATGCCTATCTCATATGCTGTTCCT,-1,1
StaphylococcusAureus.fasta,2872915,50,GAAAATCATCTCACTGCTGTTTTTTAAAGGTTTATACCTCATCCTCTAAA,-1,5
StaphylococcusAureus.fasta,2872915,50,GAAAATCGCGTGAAATACTATGGTAGACGGTTTGAGTAAATTAATGGAGT,-1,1
StaphylococcusAureus.fasta,2872915,50,GAAATACAAGGAAAGATGCTATCTTCCGAAGGATTGGCCCAAGAATTGAA,-1,8
StaphylococcusAureus.fasta,2872915,50,GAAATCATCGTAGTAATCGCGCGAAAATCGCGTGAAATAATCAGAGGAAT,-1,5
StaphylococcusAureus.fasta,2872915,50,GAAATCATCGTAGTAATCGCGCGAAAATCGCGTGAAATACTATGGTAGAC,-1,1
StaphylococcusAureus.fasta,2872915,50,GAAGTTCGTTTTGTAAACTTTCTTGCATCTGATAGCCAATATAAGCTTGA,-1,1
StaphylococcusAureus.fasta,2872915,50,GAATCGTTTGAAATCATCGTAGTAATCGCGCGAAAATCGCGTGAAATAAT,-1,5
StaphylococcusAureus.fasta,2872915,50,GAATCGTTTGAAATCATCGTAGTAATCGCGCGAAAATCGCGTGAAATACT,-1,1
StaphylococcusAureus.fasta,2872915,50,GACACGTGAACATTTATTACAAACAGTATGGGGCTATGATTACTTTGGCG,-1,1
StaphylococcusAureus.fasta,2872915,50,GAGGAAACGGTTTACGGTATTACTACAGGTTTTGGGTTATTTAGTGATGT,-1,1
StaphylococcusAureus.fasta,2872915,50,GAGGAATCGTTTGAAATCATCGTAGTAATCGCGCGAAAATCGCGTGAAAT,-1,5
StaphylococcusAureus.fasta,2872915,50,GAGGAATGGAAACTTTCTATCGGGGCGTTATCGGCAGGTGTTCCCTTTCG,-1,2
StaphylococcusAureus.fasta,2872915,50,GAGGTTTTCGGGTGTTCTAATATTAGAGAATAGATTTACAAGATATACAG,-1,1
StaphylococcusAureus.fasta,2872915,50,GCAATTTGAATCAATTACTAAATCGCGATTAAGAATTTACATAGTACTCA,-1,1
StaphylococcusAureus.fasta,2872915,50,GCGAAAATCCGTAGATCTGAAGAGACCTGCGGTTCTTTTTATATAGAGCG,-1,5
StaphylococcusAureus.fasta,2872915,50,GCGAAAATCGCGTGAAATACTATGGTAGACGGTTTGAGTAAATTAATGGA,-1,1
StaphylococcusAureus.fasta,2872915,50,GCGCGAAAATCGCGTGAAATAATCAGAGGAATCGTTTGAAATCATCGTAG,-1,5
StaphylococcusAureus.fasta,2872915,50,GCGCGAAAATCGCGTGAAATACTATGGTAGACGGTTTGAGTAAATTAATG,-1,1
StaphylococcusAureus.fasta,2872915,50,GCGTGAAATACTATGGTAGACGGTTTGAGTAAATTAATGGAGTATTTTAA,-1,2
StaphylococcusAureus.fasta,2872915,50,GCTTTTTTATATCACCACTTATTAAAAAATGTAAGAATATTCCTCAGTGC,-1,1
StaphylococcusAureus.fasta,2872915,50,GGAATCGTTTGAAATCATCGTAGTAATCGCGCGAAAATCGCGTGAAATAA,-1,5
StaphylococcusAureus.fasta,2872915,50,GGAATCGTTTGAAATCATCGTAGTAATCGCGCGAAAATCGCGTGAAATAC,-1,1
StaphylococcusAureus.fasta,2872915,50,GGTGCACATAATGGTTTAATTATTAAAAATAGAGAGTCTGTAGAAATAGC,-1,1
StaphylococcusAureus.fasta,2872915,50,GGTTTTAACTTTTACCCAACGACTTGGCATTTTATCACTCCTATGTAATG,-1,1
StaphylococcusAureus.fasta,2872915,50,GTAACAAAAAATGGTATTCGTTATGGAATTATTGGTGTAACGACACCAGA,-1,1
StaphylococcusAureus.fasta,2872915,50,GTAATCGCGCGAAAATCGCGTGAAATAATCAGAGGAATCGTTTGAAATCA,-1,5
StaphylococcusAureus.fasta,2872915,50,GTAATCGCGCGAAAATCGCGTGAAATACTATGGTAGACGGTTTGAGTAAA,-1,1
StaphylococcusAureus.fasta,2872915,50,GTAGTAATCGCGCGAAAATCGCGTGAAATAATCAGAGGAATCGTTTGAAA,-1,5
StaphylococcusAureus.fasta,2872915,50,GTAGTAATCGCGCGAAAATCGCGTGAAATACTATGGTAGACGGTTTGAGT,-1,1
StaphylococcusAureus.fasta,2872915,50,GTCACTAAATCGACATGAGTGATGTTTGAAATCGTTACTTGAAAAAGCAA,-1,1
StaphylococcusAureus.fasta,2872915,50,GTGAAATACTATGGTAGACGGTTTGAGTAAATTAATGGAGTATTTTAATA,-1,8
StaphylococcusAureus.fasta,2872915,50,GTGCAATTTTCTTATAACCATGACCTTTAATGTAATAATTGAATACAGCC,-1,1
StaphylococcusAureus.fasta,2872915,50,GTTCGACAGCTGAATTGGTAACAGAGTTACTGGAATATCAACCAACAGAA,-1,1
StaphylococcusAureus.fasta,2872915,50,GTTCGCTTAACAAGTGGTCAAGAAGATATCTTGATTGGTACATCACATGC,-1,1
StaphylococcusAureus.fasta,2872915,50,GTTTGAAATCATCGTAGTAATCGCGCGAAAATCGCGTGAAATAATCAGAG,-1,5
StaphylococcusAureus.fasta,2872915,50,GTTTGAAATCATCGTAGTAATCGCGCGAAAATCGCGTGAAATACTATGGT,-1,1
StaphylococcusAureus.fasta,2872915,50,GTTTTAACTTCTCCATGAACGTTTGAACGTTGACGACCTTGACCTTCAGC,-1,1
StaphylococcusAureus.fasta,2872915,50,TAAATTTTTAATGAAAAATCTTTTACTATAAAAGATTAAGTATTTAAATG,-1,1
StaphylococcusAureus.fasta,2872915,50,TAACATTTGATGTTATTGGTAGTCCTTTCGGTTCAAGTTCACCTTTAAAC,-1,1
StaphylococcusAureus.fasta,2872915,50,TAATCAGAGGAATCGTTTGAAATCATCGTAGTAATCGCGCGAAAATCGCG,-1,5
StaphylococcusAureus.fasta,2872915,50,TAATCAGGCCAAAGAACGTAGAAGTATGTATATATTTAAGAAAGATTTAT,-1,2
StaphylococcusAureus.fasta,2872915,50,TAATCGCGCGAAAATCGCGTGAAATAATCAGAGGAATCGTTTGAAATCAT,-1,5
StaphylococcusAureus.fasta,2872915,50,TAATCGCGCGAAAATCGCGTGAAATACTATGGTAGACGGTTTGAGTAAAT,-1,1
StaphylococcusAureus.fasta,2872915,50,TACTATACCTGAAATAATACCAATGAAAAGGCCAATGATAACTAATAAAT,-1,1
StaphylococcusAureus.fasta,2872915,50,TACTCATCCAGACGTGGTTCTTGATATCGACAAGGATGTACTTATTACAC,-1,1
StaphylococcusAureus.fasta,2872915,50,TACTTTGAAATGCGCTATTTTCTTTAAGAATATTAATATATGACTTGTGT,-1,1
StaphylococcusAureus.fasta,2872915,50,TAGTAATCGCGCGAAAATCGCGTGAAATAATCAGAGGAATCGTTTGAAAT,-1,5
StaphylococcusAureus.fasta,2872915,50,TAGTAATCGCGCGAAAATCGCGTGAAATACTATGGTAGACGGTTTGAGTA,-1,1
StaphylococcusAureus.fasta,2872915,50,TATGAGTAAGGATAAAATGAGTATAATATAGAAACCGAATTTATCATTAA,-1,1
StaphylococcusAureus.fasta,2872915,50,TATTACTGATCCCGTTGACAATATGAGAAAATTCCATATAAAAAACCGCT,-1,1
StaphylococcusAureus.fasta,2872915,50,TCACGTAACGATGAATGACTTCACAGCATCAGGTGGCGACGGATATAGTA,-1,1
StaphylococcusAureus.fasta,2872915,50,TCACGTGCACCATCAATAACGTCGCCATTACCTGTTGGAATAAAGTCCAC,-1,5
StaphylococcusAureus.fasta,2872915,50,TCACTTTAATAAACATTAATGTTAATGCAAGTAAAGCAATAATGATATAT,-1,1
StaphylococcusAureus.fasta,2872915,50,TCAGAGGAATCGTTTGAAATCATCGTAGTAATCGCGCGAAAATCGCGTGA,-1,5
StaphylococcusAureus.fasta,2872915,50,TCAGAGGACATTCTGAACAATCATCACATTCATATAATTTGAAGTCTCGC,-1,2
StaphylococcusAureus.fasta,2872915,50,TCATACTATGATACATTATGGACGAAAAAAGACTATGATTTGATTTTCTA,-1,1
StaphylococcusAureus.fasta,2872915,50,TCATCGTAGTAATCGCGCGAAAATCGCGTGAAATAATCAGAGGAATCGTT,-1,5
StaphylococcusAureus.fasta,2872915,50,TCATCGTAGTAATCGCGCGAAAATCGCGTGAAATACTATGGTAGACGGTT,-1,1
StaphylococcusAureus.fasta,2872915,50,TCCATCAGATATCATTCATTTCTTGACCCTTTCAAATAATACTATGAGAA,-1,1
StaphylococcusAureus.fasta,2872915,50,TCGACAGCTGAATTGGTAACAGAGTTACTGGAATATCAACCAACAGAACA,-1,1
StaphylococcusAureus.fasta,2872915,50,TCGCGCGAAAATCGCGTGAAATAATCAGAGGAATCGTTTGAAATCATCGT,-1,5
StaphylococcusAureus.fasta,2872915,50,TCGCGCGAAAATCGCGTGAAATACTATGGTAGACGGTTTGAGTAAATTAA,-1,1
StaphylococcusAureus.fasta,2872915,50,TCGCGTGAAATACTATGGTAGACGGTTTGAGTAAATTAATGGAGTATTTT,-1,2
StaphylococcusAureus.fasta,2872915,50,TCGCTATAAAAGTTGATATGTTGAATATGATGTTTTTCGGCTATTGCTTC,-1,1
StaphylococcusAureus.fasta,2872915,50,TCGTAGTAATCGCGCGAAAATCGCGTGAAATAATCAGAGGAATCGTTTGA,-1,5
StaphylococcusAureus.fasta,2872915,50,TCGTAGTAATCGCGCGAAAATCGCGTGAAATACTATGGTAGACGGTTTGA,-1,1
StaphylococcusAureus.fasta,2872915,50,TCGTCACTTCCTTTAGTATTCTTCTGGCAAAAGCATCACATAATAAAAAG,-1,1
StaphylococcusAureus.fasta,2872915,50,TCGTTTGAAATCATCGTAGTAATCGCGCGAAAATCGCGTGAAATAATCAG,-1,5
StaphylococcusAureus.fasta,2872915,50,TCGTTTGAAATCATCGTAGTAATCGCGCGAAAATCGCGTGAAATACTATG,-1,1
StaphylococcusAureus.fasta,2872915,50,TCTTTTTCAAAAAGTAGAGCGATATTTTTACCTTTCATTTTTTGTTGTTC,-1,1
StaphylococcusAureus.fasta,2872915,50,TGAAATACCACGGTCAGCGTATATATCTTTAACTTCAAAATGATGGAAGT,-1,8
StaphylococcusAureus.fasta,2872915,50,TGAAATCATCGTAGTAATCGCGCGAAAATCGCGTGAAATAATCAGAGGAA,-1,5
StaphylococcusAureus.fasta,2872915,50,TGAAATCATCGTAGTAATCGCGCGAAAATCGCGTGAAATACTATGGTAGA,-1,1
StaphylococcusAureus.fasta,2872915,50,TGAGGAAACGGTTTACGGTATTACTACAGGTTTTGGGTTATTTAGTGATG,-1,1
StaphylococcusAureus.fasta,2872915,50,TGAGGTTTTCGGGTGTTCTAATATTAGAGAATAGATTTACAAGATATACA,-1,1
StaphylococcusAureus.fasta,2872915,50,TGCAATTTTCTTATAACCATGACCTTTAATGTAATAATTGAATACAGCCT,-1,1
StaphylococcusAureus.fasta,2872915,50,TGGTGCACATAATGGTTTAATTATTAAAAATAGAGAGTCTGTAGAAATAG,-1,1
StaphylococcusAureus.fasta,2872915,50,TGTTCGATATCAGAGAGCTTGTGGTTAGTGTGAACAAGAATCAACATATA,-1,1
StaphylococcusAureus.fasta,2872915,50,TTAACATTTGATGTTATTGGTAGTCCTTTCGGTTCAAGTTCACCTTTAAA,-1,1
StaphylococcusAureus.fasta,2872915,50,TTACTCATCCAGACGTGGTTCTTGATATCGACAAGGATGTACTTATTACA,-1,1
StaphylococcusAureus.fasta,2872915,50,TTACTTTGCAACAGAACCTATAAAAAACATGGGCTTAAAGGGTTAATTTA,-1,1
StaphylococcusAureus.fasta,2872915,50,TTATGAGTAATCATAGAGTCGATTTGAATATTAAACATGTTTTAGGAGAT,-1,1
StaphylococcusAureus.fasta,2872915,50,TTATTACTGATCCCGTTGACAATATGAGAAAATTCCATATAAAAAACCGC,-1,1
StaphylococcusAureus.fasta,2872915,50,TTCCATCCAACTGTTTAAAATACCCCTACAGGTATTTTTAGGGAGGTTAT,-1,1
StaphylococcusAureus.fasta,2872915,50,TTCGACAGCTGAATTGGTAACAGAGTTACTGGAATATCAACCAACAGAAC,-1,1
StaphylococcusAureus.fasta,2872915,50,TTCGCTCAAAATAATCATTGATTTGCTTTTTGTATTTTTTGATTTTAGTT,-1,1
StaphylococcusAureus.fasta,2872915,50,TTCGTCAGTAAGTAAAAAACTTATACTTTCTGGCGTGTGACCAGGTGTAT,-1,1
StaphylococcusAureus.fasta,2872915,50,TTCTTTTTCAAAAGCGAATGGATTGTGGAAAATGCCTCTACCAATCATGA,-1,1
StaphylococcusAureus.fasta,2872915,50,TTGAAATCATCGTAGTAATCGCGCGAAAATCGCGTGAAATAATCAGAGGA,-1,5
StaphylococcusAureus.fasta,2872915,50,TTGAAATCATCGTAGTAATCGCGCGAAAATCGCGTGAAATACTATGGTAG,-1,1
StaphylococcusAureus.fasta,2872915,50,TTGGTGCACATAATGGTTTAATTATTAAAAATAGAGAGTCTGTAGAAATA,-1,1
StaphylococcusAureus.fasta,2872915,50,TTGTTCGTAGGACAAGTAATATATAGTGTTCGATATCAGAGAGCTTGTGG,-1,1
StaphylococcusAureus.fasta,2872915,50,TTTAACATTTGATGTTATTGGTAGTCCTTTCGGTTCAAGTTCACCTTTAA,-1,1
StaphylococcusAureus.fasta,2872915,50,TTTACTTTGCAACAGAACCTATAAAAAACATGGGCTTAAAGGGTTAATTT,-1,1
StaphylococcusAureus.fasta,2872915,50,TTTATGATATTAGGATCATTACTAATATTATCAGCTTGCTCCAATAATGA,-1,1
StaphylococcusAureus.fasta,2872915,50,TTTCCATCCTAATAAATATTCTTGCAATAAGCTATTTGTTGATTCTTCCT,-1,1
StaphylococcusAureus.fasta,2872915,50,TTTCGTCATAGTTCCAATTTTGAGTATTAAAGATGTCACTTTTATATTTT,-1,1
StaphylococcusAureus.fasta,2872915,50,TTTCTTTTTCTCTATTAATGTATGTGCGATTGTATTGCTATTATCGTCAA,-1,1
StaphylococcusAureus.fasta,2872915,50,TTTGAAATCATCGTAGTAATCGCGCGAAAATCGCGTGAAATAATCAGAGG,-1,5
StaphylococcusAureus.fasta,2872915,50,TTTGAAATCATCGTAGTAATCGCGCGAAAATCGCGTGAAATACTATGGTA,-1,1
StaphylococcusAureus.fasta,2872915,50,TTTGGTGGCAAAAAGGTCAAGAATCAGATGATGATATGGCACGAGACCAT,-1,1
StaphylococcusAureus.fasta,2872915,50,TTTTAACATTTGATGTTATTGGTAGTCCTTTCGGTTCAAGTTCACCTTTA,-1,1
StaphylococcusAureus.fasta,2872915,50,TTTTACTTTGCAACAGAACCTATAAAAAACATGGGCTTAAAGGGTTAATT,-1,1
StaphylococcusAureus.fasta,2872915,50,TTTTATGATATTAGGATCATTACTAATATTATCAGCTTGCTCCAATAATG,-1,1
StaphylococcusAureus.fasta,2872915,50,TTTTTACTTTGCAACAGAACCTATAAAAAACATGGGCTTAAAGGGTTAAT,-1,1
StaphylococcusAureus.fasta,2872915,50,TTTTTATGATATTAGGATCATTACTAATATTATCAGCTTGCTCCAATAAT,-1,1
StaphylococcusAureus.fasta,2872915,50,TTTTTTACTTTGCAACAGAACCTATAAAAAACATGGGCTTAAAGGGTTAA,-1,1
StaphylococcusAureus.fasta,2872915,50,AAAATCACTTATAAATCTCAATTTACAAATAATTTTGAAATAGTGGATGC,-1,5
StaphylococcusAureus.fasta,2872915,50,AAAATCGCGTGAAATACTATGGTAGACGGTTTGAGTAAATTAATGGAGTA,-1,1
StaphylococcusAureus.fasta,2872915,50,AAATAATCATAAATAAAATTACAGATATTGACAAAAAATAGTAAATATAC,-1,8
StaphylococcusAureus.fasta,2872915,50,AAATCACTACTCGCGATAAAGAAAGTAGATGCACATATGAGTTATGATTC,-1,5
StaphylococcusAureus.fasta,2872915,50,AAATCATCGTAGTAATCGCGCGAAAATCGCGTGAAATAATCAGAGGAATC,-1,5
StaphylococcusAureus.fasta,2872915,50,AAATCATCGTAGTAATCGCGCGAAAATCGCGTGAAATACTATGGTAGACG,-1,1
StaphylococcusAureus.fasta,2872915,50,AAATCGCGTGAAATACTATGGTAGACGGTTTGAGTAAATTAATGGAGTAT,-1,2
StaphylococcusAureus.fasta,2872915,50,AAATTTTTAATGAAAAATCTTTTACTATAAAAGATTAAGTATTTAAATGA,-1,1
StaphylococcusAureus.fasta,2872915,50,AACATTTCTTAAAAGATGATGTGGATACTTACATTAATCGATCTGAATTA,-1,1
StaphylococcusAureus.fasta,2872915,50,AAGTTCGGCTAAACTGATGAAGATATTAAGCTTGAGTCGGTCGAAAGCTT,-1,1
StaphylococcusAureus.fasta,2872915,50,AATAATCAGAGGAATCGTTTGAAATCATCGTAGTAATCGCGCGAAAATCG,-1,5
StaphylococcusAureus.fasta,2872915,50,AATAATCAGTCAGGCGAGTTAACATATCAACGTTTCCTTAATGGTTATCC,-1,2
StaphylococcusAureus.fasta,2872915,50,AATCACTACTCGCGATAAAGAAAGTAGATGCACATATGAGTTATGATTCA,-1,5
StaphylococcusAureus.fasta,2872915,50,AATCAGAGGAATCGTTTGAAATCATCGTAGTAATCGCGCGAAAATCGCGT,-1,5
StaphylococcusAureus.fasta,2872915,50,AATCAGATGATGATATGGCACGAGACCATCAAGAAGCTTGGGAGAGAACA,-1,2
StaphylococcusAureus.fasta,2872915,50,AATCATCGTAGTAATCGCGCGAAAATCGCGTGAAATAATCAGAGGAATCG,-1,5
StaphylococcusAureus.fasta,2872915,50,AATCATCGTAGTAATCGCGCGAAAATCGCGTGAAATACTATGGTAGACGG,-1,1
StaphylococcusAureus.fasta,2872915,50,AATCGCGCGAAAATCGCGTGAAATAATCAGAGGAATCGTTTGAAATCATC,-1,5
StaphylococcusAureus.fasta,2872915,50,AATCGCGCGAAAATCGCGTGAAATACTATGGTAGACGGTTTGAGTAAATT,-1,1
StaphylococcusAureus.fasta,2872915,50,AATCGCGTGAAATACTATGGTAGACGGTTTGAGTAAATTAATGGAGTATT,-1,2
StaphylococcusAureus.fasta,2872915,50,AATCGTTTGAAATCATCGTAGTAATCGCGCGAAAATCGCGTGAAATAATC,-1,5
StaphylococcusAureus.fasta,2872915,50,AATCGTTTGAAATCATCGTAGTAATCGCGCGAAAATCGCGTGAAATACTA,-1,1
StaphylococcusAureus.fasta,2872915,50,AATTTCGTCATAGTTCCAATTTTGAGTATTAAAGATGTCACTTTTATATT,-1,1
StaphylococcusAureus.fasta,2872915,50,ACACGTAATCCATCGTTTTGAGCTGAATCATTAAAAATACTGTATTCTGA,-1,1
StaphylococcusAureus.fasta,2872915,50,ACATTTCCGATTTTACGAAAATTTAAAATCGCTACACCTGTATTTAAGCC,-1,1
StaphylococcusAureus.fasta,2872915,50,ACGTAACAAATGTGCGTACTTTAGAAGAATTACCTGAAAATGCACGTAAA,-1,1
StaphylococcusAureus.fasta,2872915,50,ACGTGAAATTCTCGATTGATCGTGCGAAAGCGATGAACAAAGATTCGACT,-1,5
StaphylococcusAureus.fasta,2872915,50,ACTCATAGCACCACATTCAGGGAAAGGAAAAGGAGGACCTTGTTTGTGTT,-1,1
StaphylococcusAureus.fasta,2872915,50,ACTTGTTCTCCAATGTTATCCGATTCAAGTTCGGCTAAACTGATGAAGAT,-1,1
StaphylococcusAureus.fasta,2872915,50,ACTTTGAAAAGAATTCTTTAATTTCAGTTTCATGACCTAATATTGTCTTT,-1,1
StaphylococcusAureus.fasta,2872915,50,AGAGGAATCGTTTGAAATCATCGTAGTAATCGCGCGAAAATCGCGTGAAA,-1,5
StaphylococcusAureus.fasta,2872915,50,AGAGGAATTAATACATCTTTATCTCTTTATAGTCTAGAACAGAATATAAT,-1,2
StaphylococcusAureus.fasta,2872915,50,AGCTTTTTTATGCTTTTTCTTCCAAATTTGATACAAAATTGGGGCATATT,-1,1
StaphylococcusAureus.fasta,2872915,50,AGGAATCGTTTGAAATCATCGTAGTAATCGCGCGAAAATCGCGTGAAATA,-1,5
StaphylococcusAureus.fasta,2872915,50,AGGAATCTAAAGCAAATGGGCCAATTTCAAACAATGTGTAACTCATTAGC,-1,2
StaphylococcusAureus.fasta,2872915,50,AGGTTTTAACTTTTACCCAACGACTTGGCATTTTATCACTCCTATGTAAT,-1,1
StaphylococcusAureus.fasta,2872915,50,AGTAATCGCGCGAAAATCGCGTGAAATAATCAGAGGAATCGTTTGAAATC,-1,5
StaphylococcusAureus.fasta,2872915,50,AGTAATCGCGCGAAAATCGCGTGAAATACTATGGTAGACGGTTTGAGTAA,-1,1
StaphylococcusAureus.fasta,2872915,50,AGTTCGCTTAACAAGTGGTCAAGAAGATATCTTGATTGGTACATCACATG,-1,1
StaphylococcusAureus.fasta,2872915,50,ATAATCAGAGGAATCGTTTGAAATCATCGTAGTAATCGCGCGAAAATCGC,-1,5
StaphylococcusAureus.fasta,2872915,50,ATAATCAGTATCATTTCCAAGTACGTTATTCTGAGAATGATCACTGCCTC,-1,2
StaphylococcusAureus.fasta,2872915,50,ATACTATACCTGTATATGCAATTCGTCAATAGATAAATTATTAAATATGC,-1,1
StaphylococcusAureus.fasta,2872915,50,ATCACGTGCTATTTCATGAAGTGATTTTACGATATCACCTTCTTTAGAAA,-1,5
StaphylococcusAureus.fasta,2872915,50,ATCACTTTAATTCCTTTGTCGCGTAAAAGTTGGTTTGATACATAGTTGCG,-1,1
StaphylococcusAureus.fasta,2872915,50,ATCAGAGGAATCGTTTGAAATCATCGTAGTAATCGCGCGAAAATCGCGTG,-1,5
StaphylococcusAureus.fasta,2872915,50,ATCAGATATAAAAATTTATAAAATTGATACTTAAAAACAACTACAAATCC,-1,2
StaphylococcusAureus.fasta,2872915,50,ATCATCGTAGTAATCGCGCGAAAATCGCGTGAAATAATCAGAGGAATCGT,-1,5
StaphylococcusAureus.fasta,2872915,50,ATCATCGTAGTAATCGCGCGAAAATCGCGTGAAATACTATGGTAGACGGT,-1,1
StaphylococcusAureus.fasta,2872915,50,ATCGCGCGAAAATCGCGTGAAATAATCAGAGGAATCGTTTGAAATCATCG,-1,5
StaphylococcusAureus.fasta,2872915,50,ATCGCGCGAAAATCGCGTGAAATACTATGGTAGACGGTTTGAGTAAATTA,-1,1
StaphylococcusAureus.fasta,2872915,50,ATCGCGTGAAATACTATGGTAGACGGTTTGAGTAAATTAATGGAGTATTT,-1,2
StaphylococcusAureus.fasta,2872915,50,ATCGTAGTAATCGCGCGAAAATCGCGTGAAATAATCAGAGGAATCGTTTG,-1,5
StaphylococcusAureus.fasta,2872915,50,ATCGTAGTAATCGCGCGAAAATCGCGTGAAATACTATGGTAGACGGTTTG,-1,1
StaphylococcusAureus.fasta,2872915,50,ATCGTTTGAAATCATCGTAGTAATCGCGCGAAAATCGCGTGAAATAATCA,-1,5
StaphylococcusAureus.fasta,2872915,50,ATCGTTTGAAATCATCGTAGTAATCGCGCGAAAATCGCGTGAAATACTAT,-1,1
StaphylococcusAureus.fasta,2872915,50,ATGAGGAAACGGTTTACGGTATTACTACAGGTTTTGGGTTATTTAGTGAT,-1,1
StaphylococcusAureus.fasta,2872915,50,ATGAGTAACATGATAACTATATTAACAATATCCATTACTTACTTTTCACC,-1,1
StaphylococcusAureus.fasta,2872915,50,ATTACTCCATCAAACATTCCCTGGTTTAGAAAGATTATTTAGTAGTCGAT,-1,1
StaphylococcusAureus.fasta,2872915,50,ATTTCCATCCTAATAAATATTCTTGCAATAAGCTATTTGTTGATTCTTCC,-1,1
StaphylococcusAureus.fasta,2872915,50,ATTTCGTCATAGTTCCAATTTTGAGTATTAAAGATGTCACTTTTATATTT,-1,1
StaphylococcusAureus.fasta,2872915,50,CAATTTCTAAAAACAGAAGGGATTATTGAATCTGGTGGTCAAGCAAAATG,-1,1
StaphylococcusAureus.fasta,2872915,50,CACGTAACGATGAATGACTTCACAGCATCAGGTGGCGACGGATATAGTAT,-1,1
StaphylococcusAureus.fasta,2872915,50,CACGTGAACATTTATTACAAACAGTATGGGGCTATGATTACTTTGGCGAT,-1,5
StaphylococcusAureus.fasta,2872915,50,CACTTTAATAAACATTAATGTTAATGCAAGTAAAGCAATAATGATATATA,-1,1
StaphylococcusAureus.fasta,2872915,50,CAGAGGAATCGTTTGAAATCATCGTAGTAATCGCGCGAAAATCGCGTGAA,-1,5
StaphylococcusAureus.fasta,2872915,50,CAGAGGACATTCTGAACAATCATCACATTCATATAATTTGAAGTCTCGCT,-1,2
StaphylococcusAureus.fasta,2872915,50,CATACTATGATACATTATGGACGAAAAAAGACTATGATTTGATTTTCTAT,-1,1
StaphylococcusAureus.fasta,2872915,50,CATCACTTTCACCACGAATGTTTGCTGCTAATGCACCACAAACAACAACA,-1,1
StaphylococcusAureus.fasta,2872915,50,CATCGTAGTAATCGCGCGAAAATCGCGTGAAATAATCAGAGGAATCGTTT,-1,5
StaphylococcusAureus.fasta,2872915,50,CATCGTAGTAATCGCGCGAAAATCGCGTGAAATACTATGGTAGACGGTTT,-1,1
StaphylococcusAureus.fasta,2872915,50,CATTTCCCGATAAAAAATCATTGTGGGATGTTCTTTAGCAATTTCAATAT,-1,1
StaphylococcusAureus.fasta,2872915,50,CCATCAGAGATATGTTTTTTCATTTCATCCACAGACACTTCATCGAGACC,-1,1
StaphylococcusAureus.fasta,2872915,50,CGAAAATCCGTAGATCTGAAGAGACCTGCGGTTCTTTTTATATAGAGCGT,-1,5
StaphylococcusAureus.fasta,2872915,50,CGAAAATCGCGTGAAATACTATGGTAGACGGTTTGAGTAAATTAATGGAG,-1,1
StaphylococcusAureus.fasta,2872915,50,CGAAGTTGCACCACGGTGATGTCTGAATTCGTCGAATTCATTGTCAGGAA,-1,1
StaphylococcusAureus.fasta,2872915,50,CGACACGTTTTGTTTTAAGTTGTTGCATTATGTTACATCCTTTCTTCATT,-1,1
StaphylococcusAureus.fasta,2872915,50,CGCGAAAATCGCGTGAAATAATCAGAGGAATCGTTTGAAATCATCGTAGT,-1,5
StaphylococcusAureus.fasta,2872915,50,CGCGAAAATCGCGTGAAATACTATGGTAGACGGTTTGAGTAAATTAATGG,-1,1
StaphylococcusAureus.fasta,2872915,50,CGCGCGAAAATCGCGTGAAATAATCAGAGGAATCGTTTGAAATCATCGTA,-1,5
StaphylococcusAureus.fasta,2872915,50,CGCGCGAAAATCGCGTGAAATACTATGGTAGACGGTTTGAGTAAATTAAT,-1,1
StaphylococcusAureus.fasta,2872915,50,CGCGTGAAATACTATGGTAGACGGTTTGAGTAAATTAATGGAGTATTTTA,-1,2
StaphylococcusAureus.fasta,2872915,50,CGTAACAAATGTGCGTACTTTAGAAGAATTACCTGAAAATGCACGTAAAT,-1,1
StaphylococcusAureus.fasta,2872915,50,CGTAGTAATCGCGCGAAAATCGCGTGAAATAATCAGAGGAATCGTTTGAA,-1,5
StaphylococcusAureus.fasta,2872915,50,CGTAGTAATCGCGCGAAAATCGCGTGAAATACTATGGTAGACGGTTTGAG,-1,1
StaphylococcusAureus.fasta,2872915,50,CGTCACTCTCGTCGTGTAAGTGGTATTACAGATTTATCTATTAACTCAAT,-1,1
StaphylococcusAureus.fasta,2872915,50,CGTGAAATACTATGGTAGACGGTTTGAGTAAATTAATGGAGTATTTTAAT,-1,8
StaphylococcusAureus.fasta,2872915,50,CGTTTGAAATCATCGTAGTAATCGCGCGAAAATCGCGTGAAATAATCAGA,-1,5
StaphylococcusAureus.fasta,2872915,50,CGTTTGAAATCATCGTAGTAATCGCGCGAAAATCGCGTGAAATACTATGG,-1,1
StaphylococcusAureus.fasta,2872915,50,CTCATAGCACCACATTCAGGGAAAGGAAAAGGAGGACCTTGTTTGTGTTC,-1,1
StaphylococcusAureus.fasta,2872915,50,CTTGTTCTCCAATGTTATCCGATTCAAGTTCGGCTAAACTGATGAAGATA,-1,1
StaphylococcusAureus.fasta,2872915,50,CTTTGAAAAATAAAGAAGTGAAGTCCGTGGAACATGTTCGTCGTGATCAT,-1,1
StaphylococcusAureus.fasta,2872915,50,CTTTTTATTTTCAACAGGGATTTTGTAAATTTCTAATTCTTGTAAGTCAC,-1,1
StaphylococcusAureus.fasta,2872915,50,CTTTTTTAGATACATTCTTTGGAACGATGCCTATCTCATATGCTGTTCCT,-1,1
StaphylococcusAureus.fasta,2872915,50,GAAAATCATCTCACTGCTGTTTTTTAAAGGTTTATACCTCATCCTCTAAA,-1,5
StaphylococcusAureus.fasta,2872915,50,GAAAATCGCGTGAAATACTATGGTAGACGGTTTGAGTAAATTAATGGAGT,-1,1
StaphylococcusAureus.fasta,2872915,50,GAAATACAAGGAAAGATGCTATCTTCCGAAGGATTGGCCCAAGAATTGAA,-1,8
StaphylococcusAureus.fasta,2872915,50,GAAATCATCGTAGTAATCGCGCGAAAATCGCGTGAAATAATCAGAGGAAT,-1,5
StaphylococcusAureus.fasta,2872915,50,GAAATCATCGTAGTAATCGCGCGAAAATCGCGTGAAATACTATGGTAGAC,-1,1
StaphylococcusAureus.fasta,2872915,50,GAAGTTCGTTTTGTAAACTTTCTTGCATCTGATAGCCAATATAAGCTTGA,-1,1
StaphylococcusAureus.fasta,2872915,50,GAATCGTTTGAAATCATCGTAGTAATCGCGCGAAAATCGCGTGAAATAAT,-1,5
StaphylococcusAureus.fasta,2872915,50,GAATCGTTTGAAATCATCGTAGTAATCGCGCGAAAATCGCGTGAAATACT,-1,1
StaphylococcusAureus.fasta,2872915,50,GACACGTGAACATTTATTACAAACAGTATGGGGCTATGATTACTTTGGCG,-1,1
StaphylococcusAureus.fasta,2872915,50,GAGGAAACGGTTTACGGTATTACTACAGGTTTTGGGTTATTTAGTGATGT,-1,1
StaphylococcusAureus.fasta,2872915,50,GAGGAATCGTTTGAAATCATCGTAGTAATCGCGCGAAAATCGCGTGAAAT,-1,5
StaphylococcusAureus.fasta,2872915,50,GAGGAATGGAAACTTTCTATCGGGGCGTTATCGGCAGGTGTTCCCTTTCG,-1,2
StaphylococcusAureus.fasta,2872915,50,GAGGTTTTCGGGTGTTCTAATATTAGAGAATAGATTTACAAGATATACAG,-1,1
StaphylococcusAureus.fasta,2872915,50,GCAATTTGAATCAATTACTAAATCGCGATTAAGAATTTACATAGTACTCA,-1,1
StaphylococcusAureus.fasta,2872915,50,GCGAAAATCCGTAGATCTGAAGAGACCTGCGGTTCTTTTTATATAGAGCG,-1,5
StaphylococcusAureus.fasta,2872915,50,GCGAAAATCGCGTGAAATACTATGGTAGACGGTTTGAGTAAATTAATGGA,-1,1
StaphylococcusAureus.fasta,2872915,50,GCGCGAAAATCGCGTGAAATAATCAGAGGAATCGTTTGAAATCATCGTAG,-1,5
StaphylococcusAureus.fasta,2872915,50,GCGCGAAAATCGCGTGAAATACTATGGTAGACGGTTTGAGTAAATTAATG,-1,1
StaphylococcusAureus.fasta,2872915,50,GCGTGAAATACTATGGTAGACGGTTTGAGTAAATTAATGGAGTATTTTAA,-1,2
StaphylococcusAureus.fasta,2872915,50,GCTTTTTTATATCACCACTTATTAAAAAATGTAAGAATATTCCTCAGTGC,-1,1
StaphylococcusAureus.fasta,2872915,50,GGAATCGTTTGAAATCATCGTAGTAATCGCGCGAAAATCGCGTGAAATAA,-1,5
StaphylococcusAureus.fasta,2872915,50,GGAATCGTTTGAAATCATCGTAGTAATCGCGCGAAAATCGCGTGAAATAC,-1,1
StaphylococcusAureus.fasta,2872915,50,GGTGCACATAATGGTTTAATTATTAAAAATAGAGAGTCTGTAGAAATAGC,-1,1
StaphylococcusAureus.fasta,2872915,50,GGTTTTAACTTTTACCCAACGACTTGGCATTTTATCACTCCTATGTAATG,-1,1
StaphylococcusAureus.fasta,2872915,50,GTAACAAAAAATGGTATTCGTTATGGAATTATTGGTGTAACGACACCAGA,-1,1
StaphylococcusAureus.fasta,2872915,50,GTAATCGCGCGAAAATCGCGTGAAATAATCAGAGGAATCGTTTGAAATCA,-1,5
StaphylococcusAureus.fasta,2872915,50,GTAATCGCGCGAAAATCGCGTGAAATACTATGGTAGACGGTTTGAGTAAA,-1,1
StaphylococcusAureus.fasta,2872915,50,GTAGTAATCGCGCGAAAATCGCGTGAAATAATCAGAGGAATCGTTTGAAA,-1,5
StaphylococcusAureus.fasta,2872915,50,GTAGTAATCGCGCGAAAATCGCGTGAAATACTATGGTAGACGGTTTGAGT,-1,1
StaphylococcusAureus.fasta,2872915,50,GTCACTAAATCGACATGAGTGATGTTTGAAATCGTTACTTGAAAAAGCAA,-1,1
StaphylococcusAureus.fasta,2872915,50,GTGAAATACTATGGTAGACGGTTTGAGTAAATTAATGGAGTATTTTAATA,-1,8
StaphylococcusAureus.fasta,2872915,50,GTGCAATTTTCTTATAACCATGACCTTTAATGTAATAATTGAATACAGCC,-1,1
StaphylococcusAureus.fasta,2872915,50,GTTCGACAGCTGAATTGGTAACAGAGTTACTGGAATATCAACCAACAGAA,-1,1
StaphylococcusAureus.fasta,2872915,50,GTTCGCTTAACAAGTGGTCAAGAAGATATCTTGATTGGTACATCACATGC,-1,1
StaphylococcusAureus.fasta,2872915,50,GTTTGAAATCATCGTAGTAATCGCGCGAAAATCGCGTGAAATAATCAGAG,-1,5
StaphylococcusAureus.fasta,2872915,50,GTTTGAAATCATCGTAGTAATCGCGCGAAAATCGCGTGAAATACTATGGT,-1,1
StaphylococcusAureus.fasta,2872915,50,GTTTTAACTTCTCCATGAACGTTTGAACGTTGACGACCTTGACCTTCAGC,-1,1
StaphylococcusAureus.fasta,2872915,50,TAAATTTTTAATGAAAAATCTTTTACTATAAAAGATTAAGTATTTAAATG,-1,1
StaphylococcusAureus.fasta,2872915,50,TAACATTTGATGTTATTGGTAGTCCTTTCGGTTCAAGTTCACCTTTAAAC,-1,1
StaphylococcusAureus.fasta,2872915,50,TAATCAGAGGAATCGTTTGAAATCATCGTAGTAATCGCGCGAAAATCGCG,-1,5
StaphylococcusAureus.fasta,2872915,50,TAATCAGGCCAAAGAACGTAGAAGTATGTATATATTTAAGAAAGATTTAT,-1,2
StaphylococcusAureus.fasta,2872915,50,TAATCGCGCGAAAATCGCGTGAAATAATCAGAGGAATCGTTTGAAATCAT,-1,5
StaphylococcusAureus.fasta,2872915,50,TAATCGCGCGAAAATCGCGTGAAATACTATGGTAGACGGTTTGAGTAAAT,-1,1
StaphylococcusAureus.fasta,2872915,50,TACTATACCTGAAATAATACCAATGAAAAGGCCAATGATAACTAATAAAT,-1,1
StaphylococcusAureus.fasta,2872915,50,TACTCATCCAGACGTGGTTCTTGATATCGACAAGGATGTACTTATTACAC,-1,1
StaphylococcusAureus.fasta,2872915,50,TACTTTGAAATGCGCTATTTTCTTTAAGAATATTAATATATGACTTGTGT,-1,1
StaphylococcusAureus.fasta,2872915,50,TAGTAATCGCGCGAAAATCGCGTGAAATAATCAGAGGAATCGTTTGAAAT,-1,5
StaphylococcusAureus.fasta,2872915,50,TAGTAATCGCGCGAAAATCGCGTGAAATACTATGGTAGACGGTTTGAGTA,-1,1
StaphylococcusAureus.fasta,2872915,50,TATGAGTAAGGATAAAATGAGTATAATATAGAAACCGAATTTATCATTAA,-1,1
StaphylococcusAureus.fasta,2872915,50,TATTACTGATCCCGTTGACAATATGAGAAAATTCCATATAAAAAACCGCT,-1,1
StaphylococcusAureus.fasta,2872915,50,TCACGTAACGATGAATGACTTCACAGCATCAGGTGGCGACGGATATAGTA,-1,1
StaphylococcusAureus.fasta,2872915,50,TCACGTGCACCATCAATAACGTCGCCATTACCTGTTGGAATAAAGTCCAC,-1,5
StaphylococcusAureus.fasta,2872915,50,TCACTTTAATAAACATTAATGTTAATGCAAGTAAAGCAATAATGATATAT,-1,1
StaphylococcusAureus.fasta,2872915,50,TCAGAGGAATCGTTTGAAATCATCGTAGTAATCGCGCGAAAATCGCGTGA,-1,5
StaphylococcusAureus.fasta,2872915,50,TCAGAGGACATTCTGAACAATCATCACATTCATATAATTTGAAGTCTCGC,-1,2
StaphylococcusAureus.fasta,2872915,50,TCATACTATGATACATTATGGACGAAAAAAGACTATGATTTGATTTTCTA,-1,1
StaphylococcusAureus.fasta,2872915,50,TCATCGTAGTAATCGCGCGAAAATCGCGTGAAATAATCAGAGGAATCGTT,-1,5
StaphylococcusAureus.fasta,2872915,50,TCATCGTAGTAATCGCGCGAAAATCGCGTGAAATACTATGGTAGACGGTT,-1,1
StaphylococcusAureus.fasta,2872915,50,TCCATCAGATATCATTCATTTCTTGACCCTTTCAAATAATACTATGAGAA,-1,1
StaphylococcusAureus.fasta,2872915,50,TCGACAGCTGAATTGGTAACAGAGTTACTGGAATATCAACCAACAGAACA,-1,1
StaphylococcusAureus.fasta,2872915,50,TCGCGCGAAAATCGCGTGAAATAATCAGAGGAATCGTTTGAAATCATCGT,-1,5
StaphylococcusAureus.fasta,2872915,50,TCGCGCGAAAATCGCGTGAAATACTATGGTAGACGGTTTGAGTAAATTAA,-1,1
StaphylococcusAureus.fasta,2872915,50,TCGCGTGAAATACTATGGTAGACGGTTTGAGTAAATTAATGGAGTATTTT,-1,2
StaphylococcusAureus.fasta,2872915,50,TCGCTATAAAAGTTGATATGTTGAATATGATGTTTTTCGGCTATTGCTTC,-1,1
StaphylococcusAureus.fasta,2872915,50,TCGTAGTAATCGCGCGAAAATCGCGTGAAATAATCAGAGGAATCGTTTGA,-1,5
StaphylococcusAureus.fasta,2872915,50,TCGTAGTAATCGCGCGAAAATCGCGTGAAATACTATGGTAGACGGTTTGA,-1,1
StaphylococcusAureus.fasta,2872915,50,TCGTCACTTCCTTTAGTATTCTTCTGGCAAAAGCATCACATAATAAAAAG,-1,1
StaphylococcusAureus.fasta,2872915,50,TCGTTTGAAATCATCGTAGTAATCGCGCGAAAATCGCGTGAAATAATCAG,-1,5
StaphylococcusAureus.fasta,2872915,50,TCGTTTGAAATCATCGTAGTAATCGCGCGAAAATCGCGTGAAATACTATG,-1,1
StaphylococcusAureus.fasta,2872915,50,TCTTTTTCAAAAAGTAGAGCGATATTTTTACCTTTCATTTTTTGTTGTTC,-1,1
StaphylococcusAureus.fasta,2872915,50,TGAAATACCACGGTCAGCGTATATATCTTTAACTTCAAAATGATGGAAGT,-1,8
StaphylococcusAureus.fasta,2872915,50,TGAAATCATCGTAGTAATCGCGCGAAAATCGCGTGAAATAATCAGAGGAA,-1,5
StaphylococcusAureus.fasta,2872915,50,TGAAATCATCGTAGTAATCGCGCGAAAATCGCGTGAAATACTATGGTAGA,-1,1
StaphylococcusAureus.fasta,2872915,50,TGAGGAAACGGTTTACGGTATTACTACAGGTTTTGGGTTATTTAGTGATG,-1,1
StaphylococcusAureus.fasta,2872915,50,TGAGGTTTTCGGGTGTTCTAATATTAGAGAATAGATTTACAAGATATACA,-1,1
StaphylococcusAureus.fasta,2872915,50,TGCAATTTTCTTATAACCATGACCTTTAATGTAATAATTGAATACAGCCT,-1,1
StaphylococcusAureus.fasta,2872915,50,TGGTGCACATAATGGTTTAATTATTAAAAATAGAGAGTCTGTAGAAATAG,-1,1
StaphylococcusAureus.fasta,2872915,50,TGTTCGATATCAGAGAGCTTGTGGTTAGTGTGAACAAGAATCAACATATA,-1,1
StaphylococcusAureus.fasta,2872915,50,TTAACATTTGATGTTATTGGTAGTCCTTTCGGTTCAAGTTCACCTTTAAA,-1,1
StaphylococcusAureus.fasta,2872915,50,TTACTCATCCAGACGTGGTTCTTGATATCGACAAGGATGTACTTATTACA,-1,1
StaphylococcusAureus.fasta,2872915,50,TTACTTTGCAACAGAACCTATAAAAAACATGGGCTTAAAGGGTTAATTTA,-1,1
StaphylococcusAureus.fasta,2872915,50,TTATGAGTAATCATAGAGTCGATTTGAATATTAAACATGTTTTAGGAGAT,-1,1
StaphylococcusAureus.fasta,2872915,50,TTATTACTGATCCCGTTGACAATATGAGAAAATTCCATATAAAAAACCGC,-1,1
StaphylococcusAureus.fasta,2872915,50,TTCCATCCAACTGTTTAAAATACCCCTACAGGTATTTTTAGGGAGGTTAT,-1,1
StaphylococcusAureus.fasta,2872915,50,TTCGACAGCTGAATTGGTAACAGAGTTACTGGAATATCAACCAACAGAAC,-1,1
StaphylococcusAureus.fasta,2872915,50,TTCGCTCAAAATAATCATTGATTTGCTTTTTGTATTTTTTGATTTTAGTT,-1,1
StaphylococcusAureus.fasta,2872915,50,TTCGTCAGTAAGTAAAAAACTTATACTTTCTGGCGTGTGACCAGGTGTAT,-1,1
StaphylococcusAureus.fasta,2872915,50,TTCTTTTTCAAAAGCGAATGGATTGTGGAAAATGCCTCTACCAATCATGA,-1,1
StaphylococcusAureus.fasta,2872915,50,TTGAAATCATCGTAGTAATCGCGCGAAAATCGCGTGAAATAATCAGAGGA,-1,5
StaphylococcusAureus.fasta,2872915,50,TTGAAATCATCGTAGTAATCGCGCGAAAATCGCGTGAAATACTATGGTAG,-1,1
StaphylococcusAureus.fasta,2872915,50,TTGGTGCACATAATGGTTTAATTATTAAAAATAGAGAGTCTGTAGAAATA,-1,1
StaphylococcusAureus.fasta,2872915,50,TTGTTCGTAGGACAAGTAATATATAGTGTTCGATATCAGAGAGCTTGTGG,-1,1
StaphylococcusAureus.fasta,2872915,50,TTTAACATTTGATGTTATTGGTAGTCCTTTCGGTTCAAGTTCACCTTTAA,-1,1
StaphylococcusAureus.fasta,2872915,50,TTTACTTTGCAACAGAACCTATAAAAAACATGGGCTTAAAGGGTTAATTT,-1,1
StaphylococcusAureus.fasta,2872915,50,TTTATGATATTAGGATCATTACTAATATTATCAGCTTGCTCCAATAATGA,-1,1
StaphylococcusAureus.fasta,2872915,50,TTTCCATCCTAATAAATATTCTTGCAATAAGCTATTTGTTGATTCTTCCT,-1,1
StaphylococcusAureus.fasta,2872915,50,TTTCGTCATAGTTCCAATTTTGAGTATTAAAGATGTCACTTTTATATTTT,-1,1
StaphylococcusAureus.fasta,2872915,50,TTTCTTTTTCTCTATTAATGTATGTGCGATTGTATTGCTATTATCGTCAA,-1,1
StaphylococcusAureus.fasta,2872915,50,TTTGAAATCATCGTAGTAATCGCGCGAAAATCGCGTGAAATAATCAGAGG,-1,5
StaphylococcusAureus.fasta,2872915,50,TTTGAAATCATCGTAGTAATCGCGCGAAAATCGCGTGAAATACTATGGTA,-1,1
StaphylococcusAureus.fasta,2872915,50,TTTGGTGGCAAAAAGGTCAAGAATCAGATGATGATATGGCACGAGACCAT,-1,1
StaphylococcusAureus.fasta,2872915,50,TTTTAACATTTGATGTTATTGGTAGTCCTTTCGGTTCAAGTTCACCTTTA,-1,1
StaphylococcusAureus.fasta,2872915,50,TTTTACTTTGCAACAGAACCTATAAAAAACATGGGCTTAAAGGGTTAATT,-1,1
StaphylococcusAureus.fasta,2872915,50,TTTTATGATATTAGGATCATTACTAATATTATCAGCTTGCTCCAATAATG,-1,1
StaphylococcusAureus.fasta,2872915,50,TTTTTACTTTGCAACAGAACCTATAAAAAACATGGGCTTAAAGGGTTAAT,-1,1
StaphylococcusAureus.fasta,2872915,50,TTTTTATGATATTAGGATCATTACTAATATTATCAGCTTGCTCCAATAAT,-1,1
StaphylococcusAureus.fasta,2872915,50,TTTTTTACTTTGCAACAGAACCTATAAAAAACATGGGCTTAAAGGGTTAA,-1,1
StaphylococcusAureus.fasta,2872915,50,AAAATCACTTATAAATCTCAATTTACAAATAATTTTGAAATAGTGGATGC,-1,5
StaphylococcusAureus.fasta,2872915,50,AAAATCGCGTGAAATACTATGGTAGACGGTTTGAGTAAATTAATGGAGTA,-1,1
StaphylococcusAureus.fasta,2872915,50,AAATAATCATAAATAAAATTACAGATATTGACAAAAAATAGTAAATATAC,-1,8
StaphylococcusAureus.fasta,2872915,50,AAATCACTACTCGCGATAAAGAAAGTAGATGCACATATGAGTTATGATTC,-1,5
StaphylococcusAureus.fasta,2872915,50,AAATCATCGTAGTAATCGCGCGAAAATCGCGTGAAATAATCAGAGGAATC,-1,5
StaphylococcusAureus.fasta,2872915,50,AAATCATCGTAGTAATCGCGCGAAAATCGCGTGAAATACTATGGTAGACG,-1,1
StaphylococcusAureus.fasta,2872915,50,AAATCGCGTGAAATACTATGGTAGACGGTTTGAGTAAATTAATGGAGTAT,-1,2
StaphylococcusAureus.fasta,2872915,50,AAATTTTTAATGAAAAATCTTTTACTATAAAAGATTAAGTATTTAAATGA,-1,1
StaphylococcusAureus.fasta,2872915,50,AACATTTCTTAAAAGATGATGTGGATACTTACATTAATCGATCTGAATTA,-1,1
StaphylococcusAureus.fasta,2872915,50,AAGTTCGGCTAAACTGATGAAGATATTAAGCTTGAGTCGGTCGAAAGCTT,-1,1
StaphylococcusAureus.fasta,2872915,50,AATAATCAGAGGAATCGTTTGAAATCATCGTAGTAATCGCGCGAAAATCG,-1,5
StaphylococcusAureus.fasta,2872915,50,AATAATCAGTCAGGCGAGTTAACATATCAACGTTTCCTTAATGGTTATCC,-1,2
StaphylococcusAureus.fasta,2872915,50,AATCACTACTCGCGATAAAGAAAGTAGATGCACATATGAGTTATGATTCA,-1,5
StaphylococcusAureus.fasta,2872915,50,AATCAGAGGAATCGTTTGAAATCATCGTAGTAATCGCGCGAAAATCGCGT,-1,5
StaphylococcusAureus.fasta,2872915,50,AATCAGATGATGATATGGCACGAGACCATCAAGAAGCTTGGGAGAGAACA,-1,2
StaphylococcusAureus.fasta,2872915,50,AATCATCGTAGTAATCGCGCGAAAATCGCGTGAAATAATCAGAGGAATCG,-1,5
StaphylococcusAureus.fasta,2872915,50,AATCATCGTAGTAATCGCGCGAAAATCGCGTGAAATACTATGGTAGACGG,-1,1
StaphylococcusAureus.fasta,2872915,50,AATCGCGCGAAAATCGCGTGAAATAATCAGAGGAATCGTTTGAAATCATC,-1,5
StaphylococcusAureus.fasta,2872915,50,AATCGCGCGAAAATCGCGTGAAATACTATGGTAGACGGTTTGAGTAAATT,-1,1
StaphylococcusAureus.fasta,2872915,50,AATCGCGTGAAATACTATGGTAGACGGTTTGAGTAAATTAATGGAGTATT,-1,2
StaphylococcusAureus.fasta,2872915,50,AATCGTTTGAAATCATCGTAGTAATCGCGCGAAAATCGCGTGAAATAATC,-1,5
StaphylococcusAureus.fasta,2872915,50,AATCGTTTGAAATCATCGTAGTAATCGCGCGAAAATCGCGTGAAATACTA,-1,1
StaphylococcusAureus.fasta,2872915,50,AATTTCGTCATAGTTCCAATTTTGAGTATTAAAGATGTCACTTTTATATT,-1,1
StaphylococcusAureus.fasta,2872915,50,ACACGTAATCCATCGTTTTGAGCTGAATCATTAAAAATACTGTATTCTGA,-1,1
StaphylococcusAureus.fasta,2872915,50,ACATTTCCGATTTTACGAAAATTTAAAATCGCTACACCTGTATTTAAGCC,-1,1
StaphylococcusAureus.fasta,2872915,50,ACGTAACAAATGTGCGTACTTTAGAAGAATTACCTGAAAATGCACGTAAA,-1,1
StaphylococcusAureus.fasta,2872915,50,ACGTGAAATTCTCGATTGATCGTGCGAAAGCGATGAACAAAGATTCGACT,-1,5
StaphylococcusAureus.fasta,2872915,50,ACTCATAGCACCACATTCAGGGAAAGGAAAAGGAGGACCTTGTTTGTGTT,-1,1
StaphylococcusAureus.fasta,2872915,50,ACTTGTTCTCCAATGTTATCCGATTCAAGTTCGGCTAAACTGATGAAGAT,-1,1
StaphylococcusAureus.fasta,2872915,50,ACTTTGAAAAGAATTCTTTAATTTCAGTTTCATGACCTAATATTGTCTTT,-1,1
StaphylococcusAureus.fasta,2872915,50,AGAGGAATCGTTTGAAATCATCGTAGTAATCGCGCGAAAATCGCGTGAAA,-1,5
StaphylococcusAureus.fasta,2872915,50,AGAGGAATTAATACATCTTTATCTCTTTATAGTCTAGAACAGAATATAAT,-1,2
StaphylococcusAureus.fasta,2872915,50,AGCTTTTTTATGCTTTTTCTTCCAAATTTGATACAAAATTGGGGCATATT,-1,1
StaphylococcusAureus.fasta,2872915,50,AGGAATCGTTTGAAATCATCGTAGTAATCGCGCGAAAATCGCGTGAAATA,-1,5
StaphylococcusAureus.fasta,2872915,50,AGGAATCTAAAGCAAATGGGCCAATTTCAAACAATGTGTAACTCATTAGC,-1,2
StaphylococcusAureus.fasta,2872915,50,AGGTTTTAACTTTTACCCAACGACTTGGCATTTTATCACTCCTATGTAAT,-1,1
StaphylococcusAureus.fasta,2872915,50,AGTAATCGCGCGAAAATCGCGTGAAATAATCAGAGGAATCGTTTGAAATC,-1,5
StaphylococcusAureus.fasta,2872915,50,AGTAATCGCGCGAAAATCGCGTGAAATACTATGGTAGACGGTTTGAGTAA,-1,1
StaphylococcusAureus.fasta,2872915,50,AGTTCGCTTAACAAGTGGTCAAGAAGATATCTTGATTGGTACATCACATG,-1,1
StaphylococcusAureus.fasta,2872915,50,ATAATCAGAGGAATCGTTTGAAATCATCGTAGTAATCGCGCGAAAATCGC,-1,5
StaphylococcusAureus.fasta,2872915,50,ATAATCAGTATCATTTCCAAGTACGTTATTCTGAGAATGATCACTGCCTC,-1,2
StaphylococcusAureus.fasta,2872915,50,ATACTATACCTGTATATGCAATTCGTCAATAGATAAATTATTAAATATGC,-1,1
StaphylococcusAureus.fasta,2872915,50,ATCACGTGCTATTTCATGAAGTGATTTTACGATATCACCTTCTTTAGAAA,-1,5
StaphylococcusAureus.fasta,2872915,50,ATCACTTTAATTCCTTTGTCGCGTAAAAGTTGGTTTGATACATAGTTGCG,-1,1
StaphylococcusAureus.fasta,2872915,50,ATCAGAGGAATCGTTTGAAATCATCGTAGTAATCGCGCGAAAATCGCGTG,-1,5
StaphylococcusAureus.fasta,2872915,50,ATCAGATATAAAAATTTATAAAATTGATACTTAAAAACAACTACAAATCC,-1,2
StaphylococcusAureus.fasta,2872915,50,ATCATCGTAGTAATCGCGCGAAAATCGCGTGAAATAATCAGAGGAATCGT,-1,5
StaphylococcusAureus.fasta,2872915,50,ATCATCGTAGTAATCGCGCGAAAATCGCGTGAAATACTATGGTAGACGGT,-1,1
StaphylococcusAureus.fasta,2872915,50,ATCGCGCGAAAATCGCGTGAAATAATCAGAGGAATCGTTTGAAATCATCG,-1,5
StaphylococcusAureus.fasta,2872915,50,ATCGCGCGAAAATCGCGTGAAATACTATGGTAGACGGTTTGAGTAAATTA,-1,1
StaphylococcusAureus.fasta,2872915,50,ATCGCGTGAAATACTATGGTAGACGGTTTGAGTAAATTAATGGAGTATTT,-1,2
StaphylococcusAureus.fasta,2872915,50,ATCGTAGTAATCGCGCGAAAATCGCGTGAAATAATCAGAGGAATCGTTTG,-1,5
StaphylococcusAureus.fasta,2872915,50,ATCGTAGTAATCGCGCGAAAATCGCGTGAAATACTATGGTAGACGGTTTG,-1,1
StaphylococcusAureus.fasta,2872915,50,ATCGTTTGAAATCATCGTAGTAATCGCGCGAAAATCGCGTGAAATAATCA,-1,5
StaphylococcusAureus.fasta,2872915,50,ATCGTTTGAAATCATCGTAGTAATCGCGCGAAAATCGCGTGAAATACTAT,-1,1
StaphylococcusAureus.fasta,2872915,50,ATGAGGAAACGGTTTACGGTATTACTACAGGTTTTGGGTTATTTAGTGAT,-1,1
StaphylococcusAureus.fasta,2872915,50,ATGAGTAACATGATAACTATATTAACAATATCCATTACTTACTTTTCACC,-1,1
StaphylococcusAureus.fasta,2872915,50,ATTACTCCATCAAACATTCCCTGGTTTAGAAAGATTATTTAGTAGTCGAT,-1,1
StaphylococcusAureus.fasta,2872915,50,ATTTCCATCCTAATAAATATTCTTGCAATAAGCTATTTGTTGATTCTTCC,-1,1
StaphylococcusAureus.fasta,2872915,50,ATTTCGTCATAGTTCCAATTTTGAGTATTAAAGATGTCACTTTTATATTT,-1,1
StaphylococcusAureus.fasta,2872915,50,CAATTTCTAAAAACAGAAGGGATTATTGAATCTGGTGGTCAAGCAAAATG,-1,1
StaphylococcusAureus.fasta,2872915,50,CACGTAACGATGAATGACTTCACAGCATCAGGTGGCGACGGATATAGTAT,-1,1
StaphylococcusAureus.fasta,2872915,50,CACGTGAACATTTATTACAAACAGTATGGGGCTATGATTACTTTGGCGAT,-1,5
StaphylococcusAureus.fasta,2872915,50,CACTTTAATAAACATTAATGTTAATGCAAGTAAAGCAATAATGATATATA,-1,1
StaphylococcusAureus.fasta,2872915,50,CAGAGGAATCGTTTGAAATCATCGTAGTAATCGCGCGAAAATCGCGTGAA,-1,5
StaphylococcusAureus.fasta,2872915,50,CAGAGGACATTCTGAACAATCATCACATTCATATAATTTGAAGTCTCGCT,-1,2
StaphylococcusAureus.fasta,2872915,50,CATACTATGATACATTATGGACGAAAAAAGACTATGATTTGATTTTCTAT,-1,1
StaphylococcusAureus.fasta,2872915,50,CATCACTTTCACCACGAATGTTTGCTGCTAATGCACCACAAACAACAACA,-1,1
StaphylococcusAureus.fasta,2872915,50,CATCGTAGTAATCGCGCGAAAATCGCGTGAAATAATCAGAGGAATCGTTT,-1,5
StaphylococcusAureus.fasta,2872915,50,CATCGTAGTAATCGCGCGAAAATCGCGTGAAATACTATGGTAGACGGTTT,-1,1
StaphylococcusAureus.fasta,2872915,50,CATTTCCCGATAAAAAATCATTGTGGGATGTTCTTTAGCAATTTCAATAT,-1,1
StaphylococcusAureus.fasta,2872915,50,CCATCAGAGATATGTTTTTTCATTTCATCCACAGACACTTCATCGAGACC,-1,1
StaphylococcusAureus.fasta,2872915,50,CGAAAATCCGTAGATCTGAAGAGACCTGCGGTTCTTTTTATATAGAGCGT,-1,5
StaphylococcusAureus.fasta,2872915,50,CGAAAATCGCGTGAAATACTATGGTAGACGGTTTGAGTAAATTAATGGAG,-1,1
StaphylococcusAureus.fasta,2872915,50,CGAAGTTGCACCACGGTGATGTCTGAATTCGTCGAATTCATTGTCAGGAA,-1,1
StaphylococcusAureus.fasta,2872915,50,CGACACGTTTTGTTTTAAGTTGTTGCATTATGTTACATCCTTTCTTCATT,-1,1
StaphylococcusAureus.fasta,2872915,50,CGCGAAAATCGCGTGAAATAATCAGAGGAATCGTTTGAAATCATCGTAGT,-1,5
StaphylococcusAureus.fasta,2872915,50,CGCGAAAATCGCGTGAAATACTATGGTAGACGGTTTGAGTAAATTAATGG,-1,1
StaphylococcusAureus.fasta,2872915,50,CGCGCGAAAATCGCGTGAAATAATCAGAGGAATCGTTTGAAATCATCGTA,-1,5
StaphylococcusAureus.fasta,2872915,50,CGCGCGAAAATCGCGTGAAATACTATGGTAGACGGTTTGAGTAAATTAAT,-1,1
StaphylococcusAureus.fasta,2872915,50,CGCGTGAAATACTATGGTAGACGGTTTGAGTAAATTAATGGAGTATTTTA,-1,2
StaphylococcusAureus.fasta,2872915,50,CGTAACAAATGTGCGTACTTTAGAAGAATTACCTGAAAATGCACGTAAAT,-1,1
StaphylococcusAureus.fasta,2872915,50,CGTAGTAATCGCGCGAAAATCGCGTGAAATAATCAGAGGAATCGTTTGAA,-1,5
StaphylococcusAureus.fasta,2872915,50,CGTAGTAATCGCGCGAAAATCGCGTGAAATACTATGGTAGACGGTTTGAG,-1,1
StaphylococcusAureus.fasta,2872915,50,CGTCACTCTCGTCGTGTAAGTGGTATTACAGATTTATCTATTAACTCAAT,-1,1
StaphylococcusAureus.fasta,2872915,50,CGTGAAATACTATGGTAGACGGTTTGAGTAAATTAATGGAGTATTTTAAT,-1,8
StaphylococcusAureus.fasta,2872915,50,CGTTTGAAATCATCGTAGTAATCGCGCGAAAATCGCGTGAAATAATCAGA,-1,5
StaphylococcusAureus.fasta,2872915,50,CGTTTGAAATCATCGTAGTAATCGCGCGAAAATCGCGTGAAATACTATGG,-1,1
StaphylococcusAureus.fasta,2872915,50,CTCATAGCACCACATTCAGGGAAAGGAAAAGGAGGACCTTGTTTGTGTTC,-1,1
StaphylococcusAureus.fasta,2872915,50,CTTGTTCTCCAATGTTATCCGATTCAAGTTCGGCTAAACTGATGAAGATA,-1,1
StaphylococcusAureus.fasta,2872915,50,CTTTGAAAAATAAAGAAGTGAAGTCCGTGGAACATGTTCGTCGTGATCAT,-1,1
StaphylococcusAureus.fasta,2872915,50,CTTTTTATTTTCAACAGGGATTTTGTAAATTTCTAATTCTTGTAAGTCAC,-1,1
StaphylococcusAureus.fasta,2872915,50,CTTTTTTAGATACATTCTTTGGAACGATGCCTATCTCATATGCTGTTCCT,-1,1
StaphylococcusAureus.fasta,2872915,50,GAAAATCATCTCACTGCTGTTTTTTAAAGGTTTATACCTCATCCTCTAAA,-1,5
StaphylococcusAureus.fasta,2872915,50,GAAAATCGCGTGAAATACTATGGTAGACGGTTTGAGTAAATTAATGGAGT,-1,1
StaphylococcusAureus.fasta,2872915,50,GAAATACAAGGAAAGATGCTATCTTCCGAAGGATTGGCCCAAGAATTGAA,-1,8
StaphylococcusAureus.fasta,2872915,50,GAAATCATCGTAGTAATCGCGCGAAAATCGCGTGAAATAATCAGAGGAAT,-1,5
StaphylococcusAureus.fasta,2872915,50,GAAATCATCGTAGTAATCGCGCGAAAATCGCGTGAAATACTATGGTAGAC,-1,1
StaphylococcusAureus.fasta,2872915,50,GAAGTTCGTTTTGTAAACTTTCTTGCATCTGATAGCCAATATAAGCTTGA,-1,1
StaphylococcusAureus.fasta,2872915,50,GAATCGTTTGAAATCATCGTAGTAATCGCGCGAAAATCGCGTGAAATAAT,-1,5
StaphylococcusAureus.fasta,2872915,50,GAATCGTTTGAAATCATCGTAGTAATCGCGCGAAAATCGCGTGAAATACT,-1,1
StaphylococcusAureus.fasta,2872915,50,GACACGTGAACATTTATTACAAACAGTATGGGGCTATGATTACTTTGGCG,-1,1
StaphylococcusAureus.fasta,2872915,50,GAGGAAACGGTTTACGGTATTACTACAGGTTTTGGGTTATTTAGTGATGT,-1,1
StaphylococcusAureus.fasta,2872915,50,GAGGAATCGTTTGAAATCATCGTAGTAATCGCGCGAAAATCGCGTGAAAT,-1,5
StaphylococcusAureus.fasta,2872915,50,GAGGAATGGAAACTTTCTATCGGGGCGTTATCGGCAGGTGTTCCCTTTCG,-1,2
StaphylococcusAureus.fasta,2872915,50,GAGGTTTTCGGGTGTTCTAATATTAGAGAATAGATTTACAAGATATACAG,-1,1
StaphylococcusAureus.fasta,2872915,50,GCAATTTGAATCAATTACTAAATCGCGATTAAGAATTTACATAGTACTCA,-1,1
StaphylococcusAureus.fasta,2872915,50,GCGAAAATCCGTAGATCTGAAGAGACCTGCGGTTCTTTTTATATAGAGCG,-1,5
StaphylococcusAureus.fasta,2872915,50,GCGAAAATCGCGTGAAATACTATGGTAGACGGTTTGAGTAAATTAATGGA,-1,1
StaphylococcusAureus.fasta,2872915,50,GCGCGAAAATCGCGTGAAATAATCAGAGGAATCGTTTGAAATCATCGTAG,-1,5
StaphylococcusAureus.fasta,2872915,50,GCGCGAAAATCGCGTGAAATACTATGGTAGACGGTTTGAGTAAATTAATG,-1,1
StaphylococcusAureus.fasta,2872915,50,GCGTGAAATACTATGGTAGACGGTTTGAGTAAATTAATGGAGTATTTTAA,-1,2
StaphylococcusAureus.fasta,2872915,50,GCTTTTTTATATCACCACTTATTAAAAAATGTAAGAATATTCCTCAGTGC,-1,1
StaphylococcusAureus.fasta,2872915,50,GGAATCGTTTGAAATCATCGTAGTAATCGCGCGAAAATCGCGTGAAATAA,-1,5
StaphylococcusAureus.fasta,2872915,50,GGAATCGTTTGAAATCATCGTAGTAATCGCGCGAAAATCGCGTGAAATAC,-1,1
StaphylococcusAureus.fasta,2872915,50,GGTGCACATAATGGTTTAATTATTAAAAATAGAGAGTCTGTAGAAATAGC,-1,1
StaphylococcusAureus.fasta,2872915,50,GGTTTTAACTTTTACCCAACGACTTGGCATTTTATCACTCCTATGTAATG,-1,1
StaphylococcusAureus.fasta,2872915,50,GTAACAAAAAATGGTATTCGTTATGGAATTATTGGTGTAACGACACCAGA,-1,1
StaphylococcusAureus.fasta,2872915,50,GTAATCGCGCGAAAATCGCGTGAAATAATCAGAGGAATCGTTTGAAATCA,-1,5
StaphylococcusAureus.fasta,2872915,50,GTAATCGCGCGAAAATCGCGTGAAATACTATGGTAGACGGTTTGAGTAAA,-1,1
StaphylococcusAureus.fasta,2872915,50,GTAGTAATCGCGCGAAAATCGCGTGAAATAATCAGAGGAATCGTTTGAAA,-1,5
StaphylococcusAureus.fasta,2872915,50,GTAGTAATCGCGCGAAAATCGCGTGAAATACTATGGTAGACGGTTTGAGT,-1,1
StaphylococcusAureus.fasta,2872915,50,GTCACTAAATCGACATGAGTGATGTTTGAAATCGTTACTTGAAAAAGCAA,-1,1
StaphylococcusAureus.fasta,2872915,50,GTGAAATACTATGGTAGACGGTTTGAGTAAATTAATGGAGTATTTTAATA,-1,8
StaphylococcusAureus.fasta,2872915,50,GTGCAATTTTCTTATAACCATGACCTTTAATGTAATAATTGAATACAGCC,-1,1
StaphylococcusAureus.fasta,2872915,50,GTTCGACAGCTGAATTGGTAACAGAGTTACTGGAATATCAACCAACAGAA,-1,1
StaphylococcusAureus.fasta,2872915,50,GTTCGCTTAACAAGTGGTCAAGAAGATATCTTGATTGGTACATCACATGC,-1,1
StaphylococcusAureus.fasta,2872915,50,GTTTGAAATCATCGTAGTAATCGCGCGAAAATCGCGTGAAATAATCAGAG,-1,5
StaphylococcusAureus.fasta,2872915,50,GTTTGAAATCATCGTAGTAATCGCGCGAAAATCGCGTGAAATACTATGGT,-1,1
StaphylococcusAureus.fasta,2872915,50,GTTTTAACTTCTCCATGAACGTTTGAACGTTGACGACCTTGACCTTCAGC,-1,1
StaphylococcusAureus.fasta,2872915,50,TAAATTTTTAATGAAAAATCTTTTACTATAAAAGATTAAGTATTTAAATG,-1,1
StaphylococcusAureus.fasta,2872915,50,TAACATTTGATGTTATTGGTAGTCCTTTCGGTTCAAGTTCACCTTTAAAC,-1,1
StaphylococcusAureus.fasta,2872915,50,TAATCAGAGGAATCGTTTGAAATCATCGTAGTAATCGCGCGAAAATCGCG,-1,5
StaphylococcusAureus.fasta,2872915,50,TAATCAGGCCAAAGAACGTAGAAGTATGTATATATTTAAGAAAGATTTAT,-1,2
StaphylococcusAureus.fasta,2872915,50,TAATCGCGCGAAAATCGCGTGAAATAATCAGAGGAATCGTTTGAAATCAT,-1,5
StaphylococcusAureus.fasta,2872915,50,TAATCGCGCGAAAATCGCGTGAAATACTATGGTAGACGGTTTGAGTAAAT,-1,1
StaphylococcusAureus.fasta,2872915,50,TACTATACCTGAAATAATACCAATGAAAAGGCCAATGATAACTAATAAAT,-1,1
StaphylococcusAureus.fasta,2872915,50,TACTCATCCAGACGTGGTTCTTGATATCGACAAGGATGTACTTATTACAC,-1,1
StaphylococcusAureus.fasta,2872915,50,TACTTTGAAATGCGCTATTTTCTTTAAGAATATTAATATATGACTTGTGT,-1,1
StaphylococcusAureus.fasta,2872915,50,TAGTAATCGCGCGAAAATCGCGTGAAATAATCAGAGGAATCGTTTGAAAT,-1,5
StaphylococcusAureus.fasta,2872915,50,TAGTAATCGCGCGAAAATCGCGTGAAATACTATGGTAGACGGTTTGAGTA,-1,1
StaphylococcusAureus.fasta,2872915,50,TATGAGTAAGGATAAAATGAGTATAATATAGAAACCGAATTTATCATTAA,-1,1
StaphylococcusAureus.fasta,2872915,50,TATTACTGATCCCGTTGACAATATGAGAAAATTCCATATAAAAAACCGCT,-1,1
StaphylococcusAureus.fasta,2872915,50,TCACGTAACGATGAATGACTTCACAGCATCAGGTGGCGACGGATATAGTA,-1,1
StaphylococcusAureus.fasta,2872915,50,TCACGTGCACCATCAATAACGTCGCCATTACCTGTTGGAATAAAGTCCAC,-1,5
StaphylococcusAureus.fasta,2872915,50,TCACTTTAATAAACATTAATGTTAATGCAAGTAAAGCAATAATGATATAT,-1,1
StaphylococcusAureus.fasta,2872915,50,TCAGAGGAATCGTTTGAAATCATCGTAGTAATCGCGCGAAAATCGCGTGA,-1,5
StaphylococcusAureus.fasta,2872915,50,TCAGAGGACATTCTGAACAATCATCACATTCATATAATTTGAAGTCTCGC,-1,2
StaphylococcusAureus.fasta,2872915,50,TCATACTATGATACATTATGGACGAAAAAAGACTATGATTTGATTTTCTA,-1,1
StaphylococcusAureus.fasta,2872915,50,TCATCGTAGTAATCGCGCGAAAATCGCGTGAAATAATCAGAGGAATCGTT,-1,5
StaphylococcusAureus.fasta,2872915,50,TCATCGTAGTAATCGCGCGAAAATCGCGTGAAATACTATGGTAGACGGTT,-1,1
StaphylococcusAureus.fasta,2872915,50,TCCATCAGATATCATTCATTTCTTGACCCTTTCAAATAATACTATGAGAA,-1,1
StaphylococcusAureus.fasta,2872915,50,TCGACAGCTGAATTGGTAACAGAGTTACTGGAATATCAACCAACAGAACA,-1,1
StaphylococcusAureus.fasta,2872915,50,TCGCGCGAAAATCGCGTGAAATAATCAGAGGAATCGTTTGAAATCATCGT,-1,5
StaphylococcusAureus.fasta,2872915,50,TCGCGCGAAAATCGCGTGAAATACTATGGTAGACGGTTTGAGTAAATTAA,-1,1
StaphylococcusAureus.fasta,2872915,50,TCGCGTGAAATACTATGGTAGACGGTTTGAGTAAATTAATGGAGTATTTT,-1,2
StaphylococcusAureus.fasta,2872915,50,TCGCTATAAAAGTTGATATGTTGAATATGATGTTTTTCGGCTATTGCTTC,-1,1
StaphylococcusAureus.fasta,2872915,50,TCGTAGTAATCGCGCGAAAATCGCGTGAAATAATCAGAGGAATCGTTTGA,-1,5
StaphylococcusAureus.fasta,2872915,50,TCGTAGTAATCGCGCGAAAATCGCGTGAAATACTATGGTAGACGGTTTGA,-1,1
StaphylococcusAureus.fasta,2872915,50,TCGTCACTTCCTTTAGTATTCTTCTGGCAAAAGCATCACATAATAAAAAG,-1,1
StaphylococcusAureus.fasta,2872915,50,TCGTTTGAAATCATCGTAGTAATCGCGCGAAAATCGCGTGAAATAATCAG,-1,5
StaphylococcusAureus.fasta,2872915,50,TCGTTTGAAATCATCGTAGTAATCGCGCGAAAATCGCGTGAAATACTATG,-1,1
StaphylococcusAureus.fasta,2872915,50,TCTTTTTCAAAAAGTAGAGCGATATTTTTACCTTTCATTTTTTGTTGTTC,-1,1
StaphylococcusAureus.fasta,2872915,50,TGAAATACCACGGTCAGCGTATATATCTTTAACTTCAAAATGATGGAAGT,-1,8
StaphylococcusAureus.fasta,2872915,50,TGAAATCATCGTAGTAATCGCGCGAAAATCGCGTGAAATAATCAGAGGAA,-1,5
StaphylococcusAureus.fasta,2872915,50,TGAAATCATCGTAGTAATCGCGCGAAAATCGCGTGAAATACTATGGTAGA,-1,1
StaphylococcusAureus.fasta,2872915,50,TGAGGAAACGGTTTACGGTATTACTACAGGTTTTGGGTTATTTAGTGATG,-1,1
StaphylococcusAureus.fasta,2872915,50,TGAGGTTTTCGGGTGTTCTAATATTAGAGAATAGATTTACAAGATATACA,-1,1
StaphylococcusAureus.fasta,2872915,50,TGCAATTTTCTTATAACCATGACCTTTAATGTAATAATTGAATACAGCCT,-1,1
StaphylococcusAureus.fasta,2872915,50,TGGTGCACATAATGGTTTAATTATTAAAAATAGAGAGTCTGTAGAAATAG,-1,1
StaphylococcusAureus.fasta,2872915,50,TGTTCGATATCAGAGAGCTTGTGGTTAGTGTGAACAAGAATCAACATATA,-1,1
StaphylococcusAureus.fasta,2872915,50,TTAACATTTGATGTTATTGGTAGTCCTTTCGGTTCAAGTTCACCTTTAAA,-1,1
StaphylococcusAureus.fasta,2872915,50,TTACTCATCCAGACGTGGTTCTTGATATCGACAAGGATGTACTTATTACA,-1,1
StaphylococcusAureus.fasta,2872915,50,TTACTTTGCAACAGAACCTATAAAAAACATGGGCTTAAAGGGTTAATTTA,-1,1
StaphylococcusAureus.fasta,2872915,50,TTATGAGTAATCATAGAGTCGATTTGAATATTAAACATGTTTTAGGAGAT,-1,1
StaphylococcusAureus.fasta,2872915,50,TTATTACTGATCCCGTTGACAATATGAGAAAATTCCATATAAAAAACCGC,-1,1
StaphylococcusAureus.fasta,2872915,50,TTCCATCCAACTGTTTAAAATACCCCTACAGGTATTTTTAGGGAGGTTAT,-1,1
StaphylococcusAureus.fasta,2872915,50,TTCGACAGCTGAATTGGTAACAGAGTTACTGGAATATCAACCAACAGAAC,-1,1
StaphylococcusAureus.fasta,2872915,50,TTCGCTCAAAATAATCATTGATTTGCTTTTTGTATTTTTTGATTTTAGTT,-1,1
StaphylococcusAureus.fasta,2872915,50,TTCGTCAGTAAGTAAAAAACTTATACTTTCTGGCGTGTGACCAGGTGTAT,-1,1
StaphylococcusAureus.fasta,2872915,50,TTCTTTTTCAAAAGCGAATGGATTGTGGAAAATGCCTCTACCAATCATGA,-1,1
StaphylococcusAureus.fasta,2872915,50,TTGAAATCATCGTAGTAATCGCGCGAAAATCGCGTGAAATAATCAGAGGA,-1,5
StaphylococcusAureus.fasta,2872915,50,TTGAAATCATCGTAGTAATCGCGCGAAAATCGCGTGAAATACTATGGTAG,-1,1
StaphylococcusAureus.fasta,2872915,50,TTGGTGCACATAATGGTTTAATTATTAAAAATAGAGAGTCTGTAGAAATA,-1,1
StaphylococcusAureus.fasta,2872915,50,TTGTTCGTAGGACAAGTAATATATAGTGTTCGATATCAGAGAGCTTGTGG,-1,1
StaphylococcusAureus.fasta,2872915,50,TTTAACATTTGATGTTATTGGTAGTCCTTTCGGTTCAAGTTCACCTTTAA,-1,1
StaphylococcusAureus.fasta,2872915,50,TTTACTTTGCAACAGAACCTATAAAAAACATGGGCTTAAAGGGTTAATTT,-1,1
StaphylococcusAureus.fasta,2872915,50,TTTATGATATTAGGATCATTACTAATATTATCAGCTTGCTCCAATAATGA,-1,1
StaphylococcusAureus.fasta,2872915,50,TTTCCATCCTAATAAATATTCTTGCAATAAGCTATTTGTTGATTCTTCCT,-1,1
StaphylococcusAureus.fasta,2872915,50,TTTCGTCATAGTTCCAATTTTGAGTATTAAAGATGTCACTTTTATATTTT,-1,1
StaphylococcusAureus.fasta,2872915,50,TTTCTTTTTCTCTATTAATGTATGTGCGATTGTATTGCTATTATCGTCAA,-1,1
StaphylococcusAureus.fasta,2872915,50,TTTGAAATCATCGTAGTAATCGCGCGAAAATCGCGTGAAATAATCAGAGG,-1,5
StaphylococcusAureus.fasta,2872915,50,TTTGAAATCATCGTAGTAATCGCGCGAAAATCGCGTGAAATACTATGGTA,-1,1
StaphylococcusAureus.fasta,2872915,50,TTTGGTGGCAAAAAGGTCAAGAATCAGATGATGATATGGCACGAGACCAT,-1,1
StaphylococcusAureus.fasta,2872915,50,TTTTAACATTTGATGTTATTGGTAGTCCTTTCGGTTCAAGTTCACCTTTA,-1,1
StaphylococcusAureus.fasta,2872915,50,TTTTACTTTGCAACAGAACCTATAAAAAACATGGGCTTAAAGGGTTAATT,-1,1
StaphylococcusAureus.fasta,2872915,50,TTTTATGATATTAGGATCATTACTAATATTATCAGCTTGCTCCAATAATG,-1,1
StaphylococcusAureus.fasta,2872915,50,TTTTTACTTTGCAACAGAACCTATAAAAAACATGGGCTTAAAGGGTTAAT,-1,1
StaphylococcusAureus.fasta,2872915,50,TTTTTATGATATTAGGATCATTACTAATATTATCAGCTTGCTCCAATAAT,-1,1
StaphylococcusAureus.fasta,2872915,50,TTTTTTACTTTGCAACAGAACCTATAAAAAACATGGGCTTAAAGGGTTAA,-1,1
