1,4,640679,True,['T']
2,16,640679,True,['TT']
3,64,640678,True,['TTT']
4,256,640677,True,['TTTT']
5,1024,640676,True,['TTTTT']
6,4092,640664,True,['TTTTTT']
7,15143,638784,True,['TTTTTTT']
8,40156,617220,True,['TTTTTTTT']
9,68228,539897,True,['TTTTTTTTT']
10,76124,401831,True,['TTTTTTTTTT']
11,62414,255500,True,['TTTTTTTTTTT']
12,40541,140594,True,['TTTTTTTTTTTT']
13,23210,71156,True,['TTTTTTTTTTTTT']
14,12065,33096,True,['TTTTTTTTTTTTTT']
15,5581,13978,True,['TTTTTTTTTTTTTTT']
16,2610,5987,True,['TTTTTTTTTTTTTTTT']
17,1081,2331,True,['TTTTTTTTTTTTTTTTT']
18,394,819,True,['TTTTTTTTTTGAGAAAAT']
19,161,327,True,['TTTTTTTTTTGAGAAAATT']
20,63,127,True,['TTTTTTTTTTGAGAAAATTG']
21,19,38,True,['TTTTTTTTAAAAAAATTAAAA']
22,12,24,True,['TTTTTTATTTTTTTTATTTTTT']
23,3,6,True,['TTTTTTATTTTTTTTATTTTTTT']
24,0,0,True,['TTAAAAAATAAAATATTAAAAAAA']
25,1,2,True,['TAAATATTATATAATAAATATTATA']
26,0,0,True,['TAAATATTATATAATAAATATTATAT']
27,0,0,True,['TAAATATTATATAATAAATATTATATA']
28,0,0,True,['ATAAATATTATATAATAAATATTATATA']
29,1,2,True,['AATAAATATTATATAATAAATATTATATA']
